"group","fmri_t_value","dti_t_value","is_non_null"
"null",0.185503953736303,1.39161550866424,0
"null",1.32748530620209,0.51624710372119,0
"null",1.37304277618243,0.581786363691004,0
"null",1.10395377835394,4.26165595244051,0
"null",0.366338425070912,1.1542354387525,0
"null",0.982353284937178,1.36488747635858,0
"null",1.73889499430103,0.0730249283392342,0
"null",0.278292647469367,0.95023201886831,0
"null",0.260041590739797,0.902308688108613,0
"null",0.405152685454602,0.985986184714275,0
"null",0.135821748524959,0.532811898118716,0
"null",1.25254546627757,0.205579982252516,0
"null",0.976667294397163,1.11764291201441,0
"null",1.0831302207123,0.457161907589128,0
"null",2.03900689607224,0.977095202624728,0
"null",0.833956841762601,0.508137683881604,0
"null",0.0256778415235987,0.195798174088041,0
"null",1.16344890378942,0.0606024715393502,0
"null",0.732962076886609,0.635395404941815,0
"null",0.190670071212693,0.752502552947218,0
"null",0.270734391142639,0.120459774939713,0
"null",0.865174817265297,0.565180747029447,0
"null",0.542112416864409,1.86124669360529,0
"null",1.47455180215514,0.995331492460109,0
"null",0.309627755717495,2.09032786162556,0
"non-null",2.84089244912071,2.43688401764769,1
"null",0.877567958657373,0.364765985339048,0
"null",0.473038904753792,0.844761292451881,0
"null",1.79119469728437,0.342062474460196,0
"null",0.107784520214722,0.43034117512169,0
"null",1.24728897210142,0.432128211368661,0
"null",1.07369423482035,1.07584073538716,0
"null",0.358926808671739,1.38464291088612,0
"null",0.854342182282065,1.45094753299228,0
"null",0.589352870170557,1.66138205063039,0
"null",0.389456742124668,0.294358142491589,0
"null",0.511851513351369,0.172613467669278,0
"null",0.555323717254306,0.4641189371532,0
"null",1.23580699157514,0.35424677278921,0
"null",0.570352567448739,1.12964519064,0
"null",0.263962153449055,1.22298322619396,0
"null",0.409607204994175,1.06334132565809,0
"null",1.2060535585915,1.68200376283972e-14,0
"null",0.00463205402951135,0.5020500123137,0
"null",1.42361191383462,1.46818852052901,0
"null",0.615678283863984,0.0842200324159223,0
"null",0.17704577743454,1.03900463675943,0
"null",0.859044488802967,0.244945710354429,0
"null",1.47759179763823,0.517353718915603,0
"null",1.47397172936165,0.419967203081757,0
"null",1.48243374504391,1.68200376283972e-14,0
"null",0.731528761933487,2.0520361661845,0
"null",0.158467788316387,1.49597496421199,0
"null",0.386957057718792,0.210766305878581,0
"null",0.412251024315392,0.48683380960359,0
"null",0.947305317165197,0.728510731622883,0
"null",1.08367040275073,0.635395404941815,0
"null",0.109163174628103,1.75406337825019,0
"null",0.821460648148152,0.762714760644534,0
"null",0.0382825758155808,0.07691537514865,0
"null",1.23217329839542,0.554846754325187,0
"null",0.537330541397738,0.398581630164902,0
"null",0.0141613094499827,0.502290824541886,0
"null",0.587723135955948,0.295916065963649,0
"null",0.98393182376623,0.384656456642518,0
"null",0.850442081162929,0.0339065818638867,0
"null",0.374582281007321,1.00001290967745,0
"null",0.862339633091186,1.13520693302008,0
"null",0.705400703110012,1.68200376283972e-14,0
"null",0.782585937975061,1.03260625718308,0
"null",0.107433735089608,1.62064656734693,0
"null",0.156908894830264,1.68200376283972e-14,0
"null",1.37571721180206,0.0873265508471307,0
"null",0.00725405804561806,0.598708238547547,0
"null",0.429761809666597,0.5695935489805,0
"null",0.0033458014348588,0.27461631899318,0
"null",0.303797583896969,1.47398943357782,0
"null",0.0221102307203378,0.766840722990323,0
"null",1.16706823123549,1.58927401814301,0
"null",0.0574234021687388,0.229942763705177,0
"null",1.09434360522607,1.63212462009222,0
"null",1.1663730986539,0.275992283480691,0
"non-null",2.84316996654969,1.53490874582235,1
"null",0.388283141731094,0.283158743939205,0
"null",1.41245840188025,0.973177858291631,0
"null",1.60994586373859,0.802197151172727,0
"null",0.598890203507777,0.0184426933164126,0
"null",1.49446805928562,0.343449824423775,0
"null",1.50085117877663,0.815290386706802,0
"null",0.922058191797711,1.23493816567277,0
"null",0.569118144744007,0.710038667828953,0
"null",0.785700915543695,0.500385075907027,0
"non-null",2.63071096250336,0.563536865430529,1
"null",1.18391989007439,1.31356999479023,0
"null",0.842147125319001,1.06368760180311,0
"null",0.025899023785802,0.445307263627356,0
"non-null",2.09278172840085,0.358095784160255,1
"null",0.833732096626014,1.21723154794375,0
"non-null",2.94927580396319,1.21773139804372,1
"null",0.320310639949312,1.75737197841632,0
"non-null",2.740029850639,0.483449976043705,1
"null",1.29990200815364,0.0438652083014652,0
"non-null",2.53857003245868,0.736429207576536,1
"null",2.07590370291483,1.68200376283972e-14,0
"non-null",2.58860205954217,0.701315679213485,1
"non-null",2.22184687070568,0.528820234780017,1
"null",0.195021262202352,0.0259866413042029,0
"null",0.997116802246697,0.508632949458814,0
"null",1.56752252670266,0.289005121836003,0
"null",0.631746355937155,2.10910220813695,0
"null",0.45238060036424,0.258920296352098,0
"null",0.264102540868208,0.961690820164899,0
"null",0.288341281297252,0.416655884167327,0
"null",0.520084856655602,0.226021413935287,0
"null",1.03098372708644,1.83471831667977,0
"null",1.00783667119229,0.5229833271089,0
"null",0.929896764655961,1.16699925711389,0
"null",1.44380843679632,1.98332972734601,0
"null",0.29048190786079,0.522123711669604,0
"null",0.359892132963185,0.54279509000114,0
"null",0.331259176386942,0.662722506370115,0
"null",1.23345704650878,0.902215519322132,0
"null",1.14649496030398,0.123186297238866,0
"null",0.760311366856864,0.145799768238292,0
"non-null",3.70073402167852,0.377770892921106,1
"null",0.313144563059187,0.414263220405259,0
"null",0.348864642950525,0.239069267744583,0
"null",0.0417529327331073,0.194166061241735,0
"null",0.124074408750967,0.912836436939375,0
"null",1.22928073006825,1.1621485748431,0
"null",0.570341281362344,1.93284366626036,0
"null",0.0282109733082084,4.00205372156905,0
"null",0.827809139474205,0.579791104013294,0
"null",0.289900841041131,0.116472520640991,0
"null",0.583822496769151,1.8903827498446,0
"null",1.83198247691328,0.363548465911845,0
"null",1.80784100065875,3.45718411868389,0
"null",0.928923998390375,0.699908821109897,0
"non-null",2.91585272186884,0.635788981397928,1
"non-null",3.27113716639871,0.770781246293564,1
"null",0.263699717396615,0.622692165462933,0
"null",0.348020776655216,0.022504913129176,0
"null",0.231979446643074,1.73457205147153,0
"null",1.52231620639895,0.635945611811223,0
"null",0.542459401308864,1.07802445306816,0
"null",0.110178439687784,0.249780286218771,0
"null",0.481472909416348,0.389344792908794,0
"null",1.11337088704489,0.915459260285913,0
"null",0.863876813428245,0.309624681858398,0
"null",0.751569857088888,0.394538396718085,0
"null",0.548430251557641,1.626868786526,0
"null",0.535525066202766,1.16122142484947,0
"null",0.302959347732639,1.68487267447741,0
"null",0.742078606022464,1.47281465973216,0
"null",0.0361458903212134,1.33387322167439,0
"null",0.885058003162104,0.827036346932602,0
"null",0.878200536436882,1.55078749711024,0
"null",0.478104952314734,0.299837928466202,0
"non-null",2.90335680278283,0.715014818930762,1
"null",1.86057779449963,0.0201330575247211,0
"null",0.312515893468183,0.513544232916752,0
"null",0.0701289012273743,0.134351296652759,0
"null",1.03859633886219,0.366636601855334,0
"null",0.623840469608795,1.7235863105133,0
"null",1.26939776637841,0.870984411161987,0
"null",1.07320559254211,1.15023585803208,0
"null",0.827438985919078,1.40228241235078,0
"null",0.451816721326179,0.581419789998204,0
"null",0.0622426631226285,0.069161986291457,0
"null",1.30590383522467,0.6588758596813,0
"null",1.0285550248684,0.0871397906534487,0
"null",0.765507288269586,0.88727964496692,0
"null",1.83765507589845,0.919315600843342,0
"null",0.577015431351085,0.0735387385557722,0
"null",0.487250642765291,1.22005799566956,0
"null",1.54208013822313,1.04413258102327,0
"null",0.977721595954214,0.997079138090944,0
"null",0.906638094318009,1.13501037039957,0
"null",1.59240603302258,1.1316999265308,0
"null",0.789538374046808,0.925137814183384,0
"null",0.0700778395245993,0.842285134345437,0
"null",0.410428153530974,0.894203341981994,0
"null",1.5935031172757,0.647281970148942,0
"null",1.26307911875404,0.942641944851985,0
"null",1.71004870924258,0.418719099587864,0
"null",0.313164701619852,3.32150092431665,0
"null",0.825272950813181,0.0371511521242846,0
"null",0.983323041694259,0.81997751223058,0
"null",0.0309214474667476,0.458595054051905,0
"null",1.32115815416622,1.52428924413046,0
"null",1.69120386771126,1.7449299370515,0
"null",0.891986276913857,0.0189654330637946,0
"null",0.774328190612466,0.82359222939499,0
"null",0.514518537941872,1.15547497342191,0
"null",1.18122794522573,1.04228752757752,0
"null",0.132204840223226,0.485655398989895,0
"non-null",2.20279033583722,1.16764609887519,1
"null",1.98559951458242,0.435306738891094,0
"null",1.38694419458136,0.506671259999659,0
"null",0.602927848523273,0.410764573630098,0
"null",1.21298826713189,1.37325701070784,0
"null",0.329659499090496,0.970818267989776,0
"null",0.765159923248328,1.56283629141145,0
"null",0.507066951037815,1.10210369335566,0
"null",0.270908591983172,0.102146673351954,0
"null",0.435379307736101,0.912255515154142,0
"non-null",2.44308384249811,1.71437806106436,1
"null",1.68853717280165,0.70364219488947,0
"null",1.14189869117595,0.190924210549404,0
"null",1.4598251359953,1.16971901414618,0
"null",1.17338407804956,2.27165073635454,0
"null",1.37627573519213,1.33287883209064,0
"null",1.24755323398869,0.149134513953029,0
"null",0.0487324895405523,0.0887864251112006,0
"non-null",2.72056617655154,1.14626664477059,1
"null",1.15233796255835,1.28887355556618,0
"non-null",2.51778960972321,0.635395404941815,1
"null",0.68217341156407,0.637069155021373,0
"null",1.52501526712362,1.9491796004101,0
"null",1.77837655538991,1.68200376283972e-14,0
"null",1.67496209683337,1.08297873063176,0
"non-null",2.25976162162639,0.770781246293564,1
"null",0.333602051272495,2.42464945179783,0
"null",0.828810900580686,1.19174000017542,0
"non-null",2.43950152926639,1.060122854947,1
"null",1.65116508842763,1.68200376283972e-14,0
"null",1.23685554010462,1.68200376283972e-14,0
"null",0.826132498776906,0.267782593792913,0
"null",1.33308336047325,0.671047307021827,0
"null",0.151390968349404,0.228183290906529,0
"null",1.27556312891135,0.579791104013294,0
"null",0.178358625493727,0.171053544346981,0
"null",1.47685012184086,0.688870771934391,0
"null",0.610978905720236,1.27330722152949,0
"null",0.730933866063576,1.28560616617902,0
"null",1.18790818022925,1.68200376283972e-14,0
"null",0.505096032005141,1.42090360540476,0
"null",1.25656268006861,1.07663405863944,0
"null",1.49442869827845,0.953702948473788,0
"null",0.824122107530486,0.671047307021827,0
"null",1.75805204638257,1.0328682895892,0
"null",1.36730993446316,1.02683881086241,0
"null",1.0390200781293,0.7191092200713,0
"null",1.20677333758296,0.210260722361902,0
"null",1.23701418453742,0.183435212547619,0
"null",0.126674002299213,0.998878988437038,0
"null",0.339575182831684,0.512477897220401,0
"null",0.507942618277509,0.645119735531595,0
"null",1.96486639114189,1.55099504173596,0
"null",0.812891178106991,0.368451277920658,0
"null",1.74554188136291,0.631101422912762,0
"null",1.32862092183829,0.537326781085323,0
"null",0.834218565899309,1.06489273680659,0
"null",1.67241539142285,0.855485212895713,0
"null",2.0174997963106,1.55932431624931,0
"null",0.00294056832322835,0.782410793429188,0
"null",1.84633688088063,1.4242674540209,0
"null",0.830911626010018,1.14469690740617,0
"null",1.03647555182899,0.4765098510601,0
"null",0.85768498513141,0.226982491198739,0
"null",1.52727888595416,1.1832774358566,0
"null",1.73036036702492,1.62217440961135,0
"null",0.221691420919239,0.0260534753800811,0
"null",0.855879387727858,0.584719018058305,0
"null",0.0987344530739489,0.254098335178455,0
"null",0.491111310366552,0.476327696202362,0
"null",0.831604389798871,0.907499545345055,0
"null",0.0174623002566107,0.449060231149525,0
"null",0.0557703932203867,0.0384268928575027,0
"null",1.02617192132964,0.651216533820291,0
"null",1.3139550544941,0.303887274330861,0
"null",0.369907491302277,1.4403540067999,0
"null",1.75268479564762,0.525151006416608,0
"null",0.128358676195135,0.720596307284552,0
"null",0.864829513885051,0.510610797934218,0
"null",1.94493944959493,2.67679947187927,0
"null",0.865206475890891,1.70284180587279,0
"null",0.736456468502413,1.43140939306043,0
"null",0.100046310585542,0.859166456043539,0
"null",0.439536551614202,0.0959667376984836,0
"non-null",2.70101788950354,0.104444206903272,1
"null",0.636774256497771,1.09601367893717,0
"null",0.0155667840527513,1.14570571015201,0
"null",0.490392285101602,0.133525469977469,0
"null",0.57870629748173,1.19738515166872,0
"null",0.226304786813059,1.23890929695278,0
"non-null",2.74227208505606,0.0524620950144127,1
"non-null",2.37517999169769,0.627201096234987,1
"non-null",2.16241887794537,1.57589589075047,1
"null",0.22211935473305,1.56805022325439,0
"null",0.0960823791412017,0.568543842760094,0
"null",1.50921598443264,0.678723130181261,0
"null",0.665632220522327,0.499135684050934,0
"null",0.125790714400032,0.874691096275694,0
"null",0.0397695247333495,0.583213276460238,0
"null",1.14304177061311,0.102748034861127,0
"null",0.2717387900754,2.21783654072382,0
"null",0.404149069759418,0.0593878803354463,0
"null",1.15610725694101,0.126396132903125,0
"null",0.334202237705676,1.78849910268287,0
"null",1.57031719333321,1.49540970736972,0
"null",0.564675591993438,1.40446621489896,0
"null",1.21678416388572,0.912592630237533,0
"null",0.629029044734247,1.27943918031512,0
"null",1.45272602093719,0.0686730262486237,0
"null",0.592743168372416,1.29968201389721,0
"null",0.685148596620722,0.819436129796376,0
"null",0.579749066459342,1.3332597135267,0
"null",0.531520327996868,1.29172780095357,0
"null",1.40158300214116,1.25471016667778,0
"null",0.999812173395649,1.16763295026426,0
"null",0.812121633039544,0.503476247723335,0
"null",0.481339048707285,2.12056136946215,0
"null",0.0463725363878469,0.248144004380365,0
"null",1.47998756306413,0.272817342304959,0
"null",0.622818167895844,0.263571287771569,0
"null",0.145409486183432,0.559986843899512,0
"null",0.630857108525472,1.17709234820893,0
"null",0.396817584657565,1.68200376283972e-14,0
"null",0.568490012457348,1.09570305073252,0
"null",1.50789234328123,0.499358140283234,0
"non-null",2.14258046221204,0.962834277196063,1
"non-null",3.02971800471154,0.492142522619706,1
"null",0.0727832865535494,1.56784683446874,0
"null",0.0437225613806399,1.2499399161117,0
"non-null",2.54582422411714,0.862419866975929,1
"null",0.520351352246181,0.560161646561025,0
"null",0.63173070264304,0.142676183910827,0
"null",0.310539135399531,1.1862370150495,0
"null",1.69024302581968,0.518054456408715,0
"null",1.02029119858183,0.203353084178861,0
"null",0.193921161699815,1.56286136173675,0
"null",0.49977093168847,1.35459470697372,0
"null",1.15346761809351,1.23321321823814,0
"non-null",2.32340509996384,0.962853520366086,1
"null",0.396495484666306,0.24329032625494,0
"null",0.945771054719066,0.908629316604027,0
"null",1.08415225868557,1.06860065283985,0
"null",1.11471316579638,4.04136503437418,0
"null",0.733701725541639,0.651520812615698,0
"null",1.09887856386919,1.58649859779193,0
"null",0.530263847691008,0.655380389748604,0
"null",0.166359652213275,0.552552904691124,0
"null",1.02450173838868,1.46138442771593,0
"null",0.813383082556676,0.494784310804383,0
"null",0.68169278463215,0.694692533510182,0
"null",0.158598461548955,0.985766888044364,0
"null",1.65380168451513,0.918105920668367,0
"null",0.251835472318783,1.12710277821324,0
"null",0.144208141975564,0.00343637879441399,0
"null",0.729250820263815,1.54197728518808,0
"null",1.53632790511314,0.912847736342078,0
"null",1.60336124878387,0.899429481728745,0
"null",0.296564854660133,0.0328877620001548,0
"non-null",3.0244405020283,1.03894473689126,1
"null",0.447443007581703,0.46558502682418,0
"null",1.52882368425054,0.563427663636834,0
"null",0.7371568512291,1.69128477429485,0
"non-null",2.99372888049526,2.80896523580985,1
"null",0.124521801469299,2.45046284861139,0
"null",1.10340704817168,0.515011356049883,0
"null",0.101775339084957,1.88508069158347,0
"null",1.11442534741569,0.340576737974824,0
"null",0.438952294562572,0.0187207957021986,0
"null",0.289247050146425,1.0168210518192,0
"null",1.09698542540286,0.125020062828403,0
"null",1.12720767436103,0.663250784080085,0
"null",0.21674764366125,0.835976800903281,0
"null",0.0843258504708313,0.162427298248242,0
"null",1.07184905900094,0.963789905558827,0
"null",1.16900742767135,0.621769764704689,0
"null",0.102273799476339,1.00618735919674,0
"null",1.18422363054357,2.20702461687671,0
"non-null",2.34549396580294,1.33529180714605,1
"null",0.579415686473942,1.87223318675107,0
"null",1.35188349378991,0.947448315607786,0
"null",0.562695504793841,0.327683182745587,0
"null",0.704682416297592,0.880866103086583,0
"null",0.548190736266334,2.30904480944268,0
"null",0.717183039741762,0.356711151406847,0
"null",0.649326306988422,0.0669220102368737,0
"null",0.559281566680074,2.07564236919232,0
"null",0.870422185553765,0.140378793072586,0
"null",1.19119987989988,1.07613917257259,0
"null",1.84398753031791,0.983157330561442,0
"null",1.49594153108548,1.08290053637048,0
"null",0.793917130045742,0.671047307021827,0
"null",1.781272506381,1.38906779161876,0
"null",1.6453382175314,1.68200376283972e-14,0
"null",0.00670555484339015,1.68200376283972e-14,0
"null",0.657963784201212,1.68200376283972e-14,0
"null",2.03268656273526,1.68200376283972e-14,0
"null",0.791074431229037,1.24462352166654,0
"null",0.543335256749848,0.924273486382265,0
"null",0.214061522008699,1.10404403584476,0
"null",0.45358572098667,0.547032424106037,0
"null",0.53479079523485,1.37546308977291,0
"null",0.202936464771443,0.246567966630791,0
"null",0.134996092251897,1.97587810032144,0
"null",0.740705634212995,0.779101953797969,0
"null",1.43485160435146,1.68200376283972e-14,0
"null",0.0230519995053977,2.43759459628895,0
"null",1.56754398557632,1.33721117923927,0
"null",1.28375712820595,0.96198304631008,0
"null",1.20888687365391,1.13323435005914,0
"null",0.265647068697041,0.543037163297419,0
"null",1.19959271473532,0.777823122381661,0
"non-null",2.69025438795141,0.310739287948798,1
"null",0.725093214129742,1.19078057837505,0
"null",0.0816070108655871,0.190705947148077,0
"null",0.295106683475598,0.54723922454445,0
"null",0.730717773986969,0.493173474874718,0
"null",1.91203388752698,0.746847832108901,0
"null",0.458847925931027,2.06582947025968,0
"null",0.315424115859862,1.0896977936713,0
"null",1.39946099507833,0.99149478640639,0
"null",1.62622690479594,1.60528271050954,0
"null",0.842144517199507,0.764607145906351,0
"null",0.246042206167635,0.762481946101742,0
"null",1.27672519018864,1.62799139053282,0
"null",1.3099655250511,0.852329004819555,0
"null",0.812659213465758,0.44463669786177,0
"null",0.183628452988183,1.33685594989912,0
"null",0.264879346722054,1.54400037788925,0
"null",0.025290205150104,0.976392101948543,0
"null",0.949466194359527,0.0735242894781537,0
"null",0.318521846992379,1.12379335660636,0
"null",1.5957673314704,3.34640441962828,0
"null",0.725108968913987,1.98561269270556,0
"null",1.61956833369272,0.907619440632707,0
"null",0.28563723250996,2.77119064486187,0
"null",0.750858599702557,0.7561459282016,0
"null",0.226437118342796,1.21882160976626,0
"null",1.49754914540319,1.73130942933792,0
"null",0.876143667016096,0.00057256734811412,0
"null",0.667879378380854,0.514731447545844,0
"null",0.792872044498899,1.54800968312853,0
"null",0.62389153019081,1.81588273965173,0
"null",0.893041520794732,0.6736825093737,0
"non-null",2.09915962447722,2.07421354497,1
"null",0.113752064269992,0.777990261537684,0
"null",1.19475566890782,1.59971357536396,0
"null",1.40682546770544,1.21343716116528,0
"null",0.897731108455591,0.0952580576050408,0
"null",1.08778784366642,0.096725910519129,0
"null",0.0391482223127189,1.285253343676,0
"null",0.49574707289645,0.195981913379498,0
"null",0.498195092461791,0.578703640941449,0
"null",0.725833355390167,0.393380773117154,0
"null",0.742436276335824,1.5066362796871,0
"null",1.24711227205294,0.816861000884061,0
"null",1.35212119372362,0.043540242324487,0
"null",0.707335052692967,1.65992117765764,0
"null",0.00391056423854543,0.435348601428993,0
"null",1.14611252602444,0.798478584062443,0
"null",0.252959325040158,1.4372746550273,0
"null",0.570114318362841,0.454627957399833,0
"null",0.562926866721129,0.0892923043233389,0
"null",1.09491056389092,0.44106469348268,0
"null",0.684601453569684,1.92597915647426,0
"null",0.189080895064636,0.579471179718718,0
"null",0.292099065607185,2.53258073636733,0
"null",0.727314258614347,1.40941670007477,0
"null",0.999198073412867,0.781484224646395,0
"null",0.584414383170464,1.14244666755814,0
"null",1.24352445352513,0.840326291391715,0
"null",0.70014000515928,2.57387277616394,0
"null",0.356920960718777,1.90447185993991,0
"null",0.735487389479613,0.169286792993244,0
"null",0.249361735495715,1.35718040545482,0
"null",0.681572862831837,0.728510731622883,0
"null",0.0662282696464331,0.86642797389422,0
"null",0.986172784245927,0.376772556535837,0
"null",1.7308555616334,0.555257492369972,0
"null",0.354698498654081,1.17708880095341,0
"null",0.0228228913249631,0.6289134051852,0
"null",1.04351261390484,0.745193796887946,0
"null",1.33236689244215,0.240345090434438,0
"null",1.08004640248045,0.826669716837649,0
"null",0.104017840173255,1.56555075747821,0
"null",0.328558116799803,0.666625488670131,0
"null",0.968225177073115,0.415899335369906,0
"null",0.819834366351777,1.3051404775974,0
"null",0.433674816957178,1.2732856316666,0
"null",0.660067101819753,1.3920414253863,0
"null",0.643663487575452,1.23461447834879,0
"null",1.20144416181212,1.06409034576558,0
"null",0.664191006286687,1.371785543973,0
"null",1.3970953728894,0.564995585348456,0
"null",0.465873456770364,2.1343971755805,0
"non-null",2.08688594034183,1.25990955841785,1
"null",0.132969789151446,0.314334779701978,0
"null",1.60806630554645,0.828110144876707,0
"null",0.189165918042439,2.28813749045903,0
"null",0.395577699378307,1.47601261692325,0
"null",0.00761234746707305,0.835088396256495,0
"null",0.834568496533852,0.725885620431354,0
"null",0.479749135392618,0.301625517538488,0
"null",0.110579041599401,3.41091978290082,0
"null",0.579416422970739,0.00511945881029656,0
"null",0.957213520181239,2.50166316668504,0
"null",0.950598355282897,0.976177719970604,0
"null",0.556955734913858,0.809185705889757,0
"null",0.623214329958527,1.17257570817598,0
"null",0.634988137045829,0.489209929309746,0
"null",0.193706884630965,0.771664496573945,0
"null",0.0467543095728024,0.871129545007549,0
"null",0.470853070974227,0.910976707015068,0
"null",0.411049703753688,1.69123254605786,0
"null",1.11836711714373,0.255721506115567,0
"null",0.0721978306152748,0.627025632407842,0
"null",0.0204727258677002,1.58050581512582,0
"null",0.985396427080669,0.300325680733788,0
"null",0.243071010922695,0.70354766661578,0
"null",0.86572641746927,1.0124899434708,0
"null",1.19748079233104,1.68200376283972e-14,0
"null",0.265302590663065,0.52852311867245,0
"null",1.88394222202489,0.672889660603083,0
"null",1.64892064821348,0.321707490150902,0
"null",0.0381145558894722,0.243903150949315,0
"null",0.0474525198405648,1.0058072892832,0
"null",0.138420901796864,1.01870828389815,0
"null",0.513970933198017,0.227275104895124,0
"null",0.258338769356736,1.32444072243512,0
"null",0.410561203340133,0.577500342016688,0
"null",0.396273642893503,0.543270947201589,0
"null",0.997732233575276,2.63766791987362,0
"null",1.73344923913363,0.14454615693346,0
"null",1.61345787323333,0.807310894935221,0
"null",0.216546515774466,0.018645735740014,0
"null",0.297255029527232,0.961645774813671,0
"non-null",2.0908696890132,0.965132789298909,1
"null",0.260420289082292,0.120596987718842,0
"null",1.44893642320083,1.40392403960827,0
"null",1.52772384532024,1.96160973022051,0
"null",0.240441430204231,1.3213742685856,0
"null",1.83427921723672,0.496803038628337,0
"null",0.109334065725142,0.125447849769596,0
"null",0.462784998591547,0.177238200519893,0
"null",1.18641409610704,0.331256235523071,0
"null",0.773515720960053,1.41869015599793,0
"null",0.558602836648785,1.08733786696607,0
"null",1.82324106468364,1.68200376283972e-14,0
"null",1.35600178157586,0.447668882015459,0
"null",0.429931219545839,1.53417928156203,0
"null",0.402347416102812,0.140730456226889,0
"null",0.0839156088258341,0.140844619614929,0
"non-null",2.29097647021685,1.68200376283972e-14,1
"null",1.1912905309103,1.68200376283972e-14,0
"null",0.170234518612608,1.68200376283972e-14,0
"null",0.799217950345134,0.929095247497729,0
"null",1.32243764187695,0.483146855672312,0
"null",1.60254914813029,1.42707361424736,0
"null",0.91528939750356,1.01100578474434,0
"null",0.347041325910765,1.65331014827709,0
"null",0.12112191407283,0.590680901014173,0
"null",0.0290099761177647,0.516413126387308,0
"null",0.636551789925848,0.397834030879895,0
"null",0.0124302341784893,0.660547361172105,0
"null",0.233914783189003,0.759179326026547,0
"null",1.69550299929646,1.95979580941118,0
"non-null",2.24294204487987,1.16923571042879,1
"null",1.46695973070158,1.68200376283972e-14,0
"null",0.298905023607956,0.579791104013294,0
"null",0.88105959285552,0.676113634499107,0
"null",0.158616696959081,1.05554213474728,0
"null",0.502481473438507,0.173241723189325,0
"null",1.77129204644318,1.68200376283972e-14,0
"null",1.66836556193643,1.0571239776744,0
"non-null",2.2106833207018,0.579791104013294,1
"null",1.09884620553705,1.01522145298036,0
"null",0.82583529931665,0.635395404941815,0
"null",0.262017822796707,0.540437930330635,0
"null",1.26024816676369,0.224773845860002,0
"null",0.986503213038265,0.182066436402548,0
"null",0.196817360440515,0.173006815438131,0
"non-null",2.56643308029694,1.68200376283972e-14,1
"null",0.685053412998964,0.779400583778553,0
"null",1.22301857826578,0.78169441496359,0
"null",0.330934945899618,1.68200376283972e-14,0
"null",1.65533533184882,2.51488893914871,0
"null",0.240261498082992,0.166599556336193,0
"null",0.365584155324705,0.902139731717138,0
"null",1.09693437473517,1.88470400309653,0
"null",0.346814348899472,1.80630259041426,0
"null",0.0858034544382144,1.69338327743488,0
"null",0.0279924125932657,0.933684499449995,0
"null",0.211169373088073,0.584854443731077,0
"null",0.866392489383652,2.04350243044231,0
"null",0.722673839819253,1.67494368055353,0
"null",0.122047912359867,2.04764641970257,0
"null",0.115804617279294,1.17960174747742,0
"null",0.730808056336733,1.61775448477223,0
"null",0.555614379476168,1.68200376283972e-14,0
"null",0.628624019796048,1.68200376283972e-14,0
"null",0.856052526117588,0.969525026393605,0
"null",1.0762893193643,1.7158615867609,0
"null",0.542500967002129,1.16731539795571,0
"null",0.20404775779522,2.91020648448763,0
"null",0.671236820487634,0.129691533547864,0
"null",0.0451039220410604,0.253330066691568,0
"null",1.3222421961744,2.89338720484786,0
"null",0.960138996245537,0.154049460288617,0
"null",1.05169974807115,0.0162229846823326,0
"null",0.708991127592482,1.17638787580493,0
"null",0.0761576846264297,0.248771525135326,0
"null",0.697269852545597,0.077267548577133,0
"null",0.792864589161334,1.68200376283972e-14,0
"null",1.01443781383129,0.635395404941815,0
"null",0.678462854359456,0.635395404941815,0
"null",0.589638310955368,1.68200376283972e-14,0
"null",0.657586693908611,2.17571216080837,0
"null",0.591027713443271,1.45064285082056,0
"null",1.47213851688857,1.49721593265932,0
"null",0.878058873795415,0.126748474502051,0
"null",1.48206316162889,0.481857093919893,0
"null",1.61854176671833,0.0928565745478039,0
"null",0.203533105283215,1.6965601856866,0
"null",1.5115672248812,0.212473554137231,0
"null",0.0515030597792122,1.63783640887176,0
"null",0.0245680505306451,0.363374957049889,0
"null",1.05806464291864,0.635395404941815,0
"null",0.615825080168987,1.74402902860282,0
"null",0.122116647440217,0.0890029819994279,0
"null",0.907099650127777,0.635395404941815,0
"null",0.026078649561829,0.308502605465407,0
"null",0.354186063834348,1.68200376283972e-14,0
"null",1.84638723412616,1.68200376283972e-14,0
"null",0.15467704770091,1.68200376283972e-14,0
"null",0.325464827779273,0.930794254478517,0
"null",0.0124759991225763,1.68200376283972e-14,0
"null",0.0515842892904314,0.787640938868704,0
"null",1.02436029882764,1.35325453146358,0
"null",0.215087915660011,0.876308119020648,0
"null",0.167160737487807,0.21333990547769,0
"null",0.680143038026464,1.7606867748642,0
"null",1.107332105065,2.18341261146734,0
"null",1.57039300284484,0.779400583778553,0
"null",0.312766636823621,2.39903112857786,0
"null",0.684930376504528,0.0764327741770342,0
"null",0.607962059219037,1.68200376283972e-14,0
"null",0.497824946718186,0.635395404941815,0
"null",0.462530348278037,1.68200376283972e-14,0
"null",1.57877286723263,0.132590781762972,0
"null",0.254064564662857,0.474092562967897,0
"null",1.07002744337672,1.27709504093157,0
"null",0.45800380936485,1.68200376283972e-14,0
"non-null",2.2570148879558,0.635395404941815,1
"null",0.57447804292737,0.635395404941815,0
"null",0.152868803291785,3.04440098976862,0
"null",0.63420035944893,1.14520363657764,0
"null",0.163055593488562,0.277484466061133,0
"null",1.99817329910442,1.68200376283972e-14,0
"null",0.284510568137684,1.83954008771083,0
"null",0.638035673373104,0.560652770700962,0
"null",1.25070939768843,0.826427480941272,0
"null",0.643777273006727,0.308492227668665,0
"null",0.23377052658377,1.67220527983422,0
"null",0.42994981709346,0.257235799687074,0
"null",0.325767882221342,2.24771102537228,0
"null",1.40219333440396,2.26983216603236,0
"null",1.04686939441285,0.779400583778553,0
"null",1.52288167673119,0.1866668769395,0
"null",0.984134449756134,1.11909837854568,0
"null",1.2298977194562,0.615623272591021,0
"null",1.33758345298831,0.0513505540912192,0
"null",0.26311897709801,0.774607907502904,0
"null",0.55252359818038,1.68200376283972e-14,0
"null",2.04284873983302,2.78015006376144,0
"null",0.177865081897052,0.718825488730615,0
"null",0.854979178204046,1.68200376283972e-14,0
"null",1.10038166064147,0.993989762131968,0
"non-null",2.33204701824825,1.0586332031951,1
"null",0.409847697155622,0.498470947730263,0
"null",1.2752094736139,0.761215917118507,0
"null",0.713071220400195,0.474092562967897,0
"null",0.189818738588512,0.723888521510126,0
"null",1.76061553384147,1.87941827659573,0
"non-null",2.31283632478204,0.556521712239952,1
"null",0.328083942138254,1.22777680238715,0
"null",1.71987687201049,0.560000269177299,0
"null",0.266645694179074,0.369454566225486,0
"null",0.219841426874387,1.10960894116531,0
"null",0.256792939023955,0.85837904799076,0
"null",0.685999505205123,0.528820234780017,0
"null",0.374087232792224,0.635395404941815,0
"null",0.836368370166013,1.021669985112,0
"null",0.0331910255555901,0.549215816606995,0
"null",0.556315315255352,1.68200376283972e-14,0
"null",0.128294098126431,1.66678290631219,0
"null",0.654134507391784,0.556646764815504,0
"null",0.915485987488021,2.4383613246308,0
"null",0.45773675738574,1.16187514726137,0
"null",0.281326458654945,1.86640884083622,0
"null",1.05390152286922,0.421347274966043,0
"null",0.317118906240713,0.466100847148256,0
"null",0.0397885228725956,1.10076313256245,0
"non-null",2.591200809811,0.00447046096973431,1
"null",0.0599352290281937,0.654346135511809,0
"null",1.77528216641021,1.11662474666652,0
"null",0.31891716626895,1.88848293271007,0
"null",0.094252779533094,1.18877467188166,0
"null",1.009639006086,0.779400583778553,0
"null",1.25498655239513,1.61171306520261,0
"null",1.2212763139994,0.819436129796376,0
"null",1.24531412060543,0.864513604898437,0
"non-null",2.53403322501329,1.68200376283972e-14,1
"null",0.399596175796126,1.68200376283972e-14,0
"null",0.50447983954544,0.574570451479358,0
"null",0.486778048420148,1.68200376283972e-14,0
"null",0.0176599539397257,0.152487827041997,0
"null",0.43746153490956,0.838074489526218,0
"null",0.813451532279976,0.921232267373908,0
"null",0.433194729210808,1.68200376283972e-14,0
"null",0.715577936681964,0.986561267017105,0
"null",0.0880577413147715,1.68200376283972e-14,0
"null",0.136133056234004,1.36064412472019,0
"null",0.469759034935765,0.538853227622539,0
"null",0.0432476390838819,1.68200376283972e-14,0
"null",0.109351485132127,1.68200376283972e-14,0
"null",1.68673631057076,1.68200376283972e-14,0
"non-null",2.20885619897574,0.247888362063992,1
"null",1.4472066971571,0.987402443128341,0
"null",0.199865708042778,1.68200376283972e-14,0
"null",1.05647844476842,0.635395404941815,0
"null",1.41551509283492,0.95023201886831,0
"null",0.997104289262237,0.99645186150128,0
"null",0.0268799451700792,0.162308740558127,0
"null",1.1092010430036,2.06679104070214,0
"null",0.923083980238124,0.993415296855688,0
"null",0.135028511715681,0.276859918980223,0
"null",1.70590809499585,1.1031287165003,0
"null",0.521372564334287,0.77080798215003,0
"non-null",3.11586555402845,0.184075845708816,1
"null",0.0107185547550511,0.41239868363554,0
"null",0.284034637471587,0.902549823083378,0
"null",1.58215122665725,0.0213049048118465,0
"null",1.77678374709564,0.675737278671791,0
"null",0.465260968857751,0.653056950608402,0
"null",0.549471695175219,1.11355987704617,0
"null",0.026772152338605,0.135973899020339,0
"null",1.75764237650906,0.350337360549446,0
"null",0.967604682701072,0.967405137998573,0
"null",1.11458495861277,0.36679400941192,0
"null",1.08183139290979,0.283005903606189,0
"null",0.283839663675909,1.36682085707021,0
"null",1.89577992973085,0.00852395386365193,0
"null",2.04447972714932,0.617870432722747,0
"non-null",3.08363197155989,0.253968364641182,1
"non-null",2.4873938497709,0.590566342623634,1
"null",1.20811393399811,1.04074764639503,0
"null",0.366933435643937,1.07006650090264,0
"null",1.18549988967765,1.81580696800086,0
"null",1.85530955896125,3.23095345070164,0
"null",0.509474330255927,0.733403562135744,0
"null",0.895675015565065,0.192680638700968,0
"null",1.67649878776073,1.6982302485186,0
"null",0.795652428275258,0.27646668897256,0
"non-null",2.19143961377238,0.0927754972040657,1
"null",0.726657532284298,1.58953224341969,0
"null",0.0405374161863529,0.489994784337324,0
"null",0.286208719536583,0.567324041181098,0
"null",0.142160734692093,0.421572015205796,0
"null",1.54273567130635,0.192863376729684,0
"null",1.22987082562451,0.132398883612018,0
"null",2.03941920203886,0.15989515691234,0
"null",2.05436892224494,1.73655500730595,0
"null",0.833731519267,0.67391473207858,0
"null",1.49507008898012,0.57758826089792,0
"null",0.543604054390442,0.548975566476926,0
"null",0.46064344335632,1.02660254733787,0
"non-null",2.0872730348254,1.41736325953598,1
"non-null",2.45135820551267,0.0336063667626841,1
"null",1.15770481523398,1.81971164134482,0
"null",1.30849783848099,2.46952015820696,0
"null",0.446490042719227,1.1910644083439,0
"null",0.962086380539953,1.06586055483441,0
"null",0.307840483071727,0.528426539647814,0
"null",0.225512823987083,1.71233240346414,0
"null",0.715231722813101,0.528820234780017,0
"null",0.482483497447254,2.31889222320639,0
"null",0.513913305596164,0.649065112728847,0
"non-null",3.88854622974963,0.961024792251671,1
"non-null",2.76389666887369,1.68200376283972e-14,1
"null",0.759406943709215,1.68200376283972e-14,0
"null",0.57375455883679,1.86787880630495,0
"null",1.97970327350697,1.19883461341897,0
"null",1.69332992980972,0.795505184202545,0
"null",1.40220184042528,0.25977367069786,0
"null",0.701388777938399,0.377455697771742,0
"null",1.87191589413181,0.625323897424999,0
"null",0.572455966649118,1.45962549085568,0
"non-null",2.12474518034749,0.635395404941815,1
"null",1.02658996468601,0.551207322332851,0
"null",0.528533169878415,0.63280021114813,0
"null",0.129593013029388,0.565393210924767,0
"null",0.643882952815107,1.48495468368154,0
"null",1.10516843393061,1.32601586002119,0
"null",0.271301737492301,0.918206225577444,0
"null",0.564218174292938,0.831599714269063,0
"non-null",2.26624658567905,1.68200376283972e-14,1
"null",0.94365294694025,0.234658365909919,0
"non-null",2.33794928281314,0.40192415391316,1
"null",0.434653108137796,0.357640452103201,0
"null",0.303687898378414,0.119070640924587,0
"null",1.21511427544557,0.143362301652689,0
"null",1.14500605789811,0.221919474121811,0
"null",2.04330180320885,0.613327833372883,0
"null",0.907882331734853,1.88894406782634,0
"null",0.628776465075351,1.04179393509925,0
"null",1.01015565436416,0.579791104013294,0
"null",0.256699901227132,0.848814768147132,0
"null",0.0158605521400944,0.457094083568861,0
"null",0.400522560882313,0.519119393145084,0
"null",1.75176137704545,1.32482964383547,0
"null",0.408115289586559,1.39775540421374,0
"null",1.24180085269925,0.481437456006683,0
"null",0.556662337521251,3.18467392359989,0
"null",1.27186510851301,0.769286930556912,0
"non-null",2.70985296455002,1.91574873343253,1
"null",1.29135771058221,0.723861295494305,0
"null",0.591474561963849,0.434151612793813,0
"null",1.76329309122384,0.834537907461676,0
"null",1.43833217239345,1.68200376283972e-14,0
"null",0.363291328409788,1.72776545283852,0
"null",0.400834769276103,1.68200376283972e-14,0
"null",0.261611296983582,1.68200376283972e-14,0
"null",0.891736845624608,2.07256015392768,0
"null",1.46693773144039,1.14250098219916,0
"null",1.17623457318305,1.77155684291836,0
"non-null",3.38100497971404,0.779400583778553,1
"null",0.290645161474116,0.97334321863263,0
"null",0.574082823811375,2.08130972570183,0
"null",1.54818478590274,0.874426799675997,0
"null",0.709266581785497,0.947393652973233,0
"null",0.46945114466565,0.598405175236265,0
"null",1.33598809985535,0.70354766661578,0
"null",0.482547536188276,1.40657080827302,0
"null",0.0952185463163377,1.25773695692697,0
"null",0.483219692187463,1.7329032124416,0
"null",0.343353741938666,0.657730512961663,0
"null",0.351984337961037,0.775652763421388,0
"null",0.601319387786837,1.68200376283972e-14,0
"null",0.769252980384973,0.521316192271068,0
"null",0.0894680320237222,0.680831514202104,0
"null",0.373026420738145,0.296368105253506,0
"null",0.20205759588927,0.0132060324212478,0
"null",0.28413327121106,0.722901565697056,0
"null",0.834996200879737,0.285485631316121,0
"null",0.88576965549429,0.787639175900579,0
"null",0.346665621027429,0.834322686112587,0
"null",0.275337672123159,0.650735561711074,0
"null",0.530253874435382,1.68200376283972e-14,0
"null",0.686445855164991,1.58304973045504,0
"null",0.540785891147194,1.41352591008532,0
"null",0.10147230146233,0.657730512961663,0
"null",0.516868177037612,1.50333822513179,0
"null",0.329751817010323,1.71594784648106,0
"null",1.10778245508074,0.274340308442146,0
"null",0.588150793050437,0.864191382151707,0
"null",0.791801997470227,2.1392609846415,0
"null",0.642526455650492,0.459241477020685,0
"null",0.257128937120219,0.394512777430282,0
"null",0.582964176176771,0.298813023486697,0
"null",0.214105918005661,1.56164438416422,0
"non-null",2.11544462591942,0.604981043652878,1
"null",1.0427342141312,0.88654884573743,0
"null",0.790660090632397,0.25772152624216,0
"null",1.61654760612588,0.101203291284189,0
"null",0.0638424382588113,1.19457316995535,0
"null",0.470959818282008,0.221637179755254,0
"null",0.910629333987797,0.48002956579087,0
"null",0.305243614658028,0.0468202467326185,0
"null",0.333680777696565,1.68200376283972e-14,0
"null",0.331447925304311,0.774473733482252,0
"null",0.762275186527604,0.663250784080085,0
"null",0.477318200688743,1.48036701208235,0
"null",0.150914761995362,2.08619581725863,0
"null",0.78448808524977,0.31334911168872,0
"null",0.704761803764305,1.97459966911036,0
"null",0.115980885965718,1.80677984662843,0
"null",0.449790538442421,0.18007632789453,0
"null",0.36870551578045,0.271944521540249,0
"null",0.00113800478055072,2.17519074669275,0
"null",0.293474032328454,0.949196655710447,0
"null",0.329127572731198,1.29957632682948,0
"null",0.50960127190436,0.401309283205077,0
"null",1.53572674491007,1.58785050833439,0
"null",0.0298810842277333,1.17944076319023,0
"null",0.718168941550489,1.73042207409186,0
"null",0.360122022552635,0.152120135078392,0
"non-null",3.28769309772062,0.674221915584809,1
"null",0.353274832866436,0.817709101111256,0
"null",2.07299316564434,0.311670341938778,0
"null",0.44582397781906,0.375896642321965,0
"non-null",2.16250317269419,2.15736650002806,1
"non-null",2.4475977118116,0.806855565049248,1
"null",0.933464251603902,1.96938432170187,0
"null",1.70776056193358,1.68200376283972e-14,0
"null",1.92307263904589,0.158453541673298,0
"non-null",2.87284397105561,1.68200376283972e-14,1
"null",0.0553299805621066,0.30974226721702,0
"null",1.73693898300077,2.1144497366174,0
"null",0.79748679971914,0.379844820681702,0
"null",0.55976395194494,1.27932082953686,0
"null",1.34726015142634,0.724047382241731,0
"null",0.0485863212420528,1.93850899142712,0
"null",0.17153470761079,0.124578533704161,0
"null",0.782873856445767,1.59288210990979,0
"null",0.746481652672529,1.31866577269014,0
"null",0.838871177023447,1.46198576604685,0
"null",1.03444143985927,0.787643248406477,0
"null",1.68884063629147,1.68200376283972e-14,0
"null",0.219037105873342,0.426695604286088,0
"null",0.897389749673612,2.20151790586294,0
"null",0.216979278712268,0.477019597485218,0
"null",0.75325799941896,0.32968332992289,0
"null",0.678801220779814,1.05128814034039,0
"null",0.818777711358062,1.35606908300753,0
"null",1.36166137543581,0.373451277204411,0
"null",0.180965170049567,1.26543909057897,0
"null",0.0855964635513944,1.03941611142776,0
"null",0.367458491554414,0.552470535371823,0
"null",1.07817837813862,0.435464547459009,0
"null",0.400398873622158,0.459893892097443,0
"null",0.361256244165745,1.34882647314919,0
"null",0.154567184175192,0.304937321832385,0
"null",0.0629683614081145,1.68200376283972e-14,0
"null",0.0818973498992661,0.477632527691967,0
"null",0.809416244168085,1.03810499235422,0
"null",1.24826959140467,0.625257901513331,0
"null",1.0646704496864,1.49817601228204,0
"null",0.490589370787743,0.233639777773572,0
"null",1.38808441139499,0.923561186514852,0
"non-null",4.3402379234098,1.06483118190499,1
"null",0.00252891088628309,0.188758244104885,0
"null",0.240932256014565,0.809111975018972,0
"null",0.110437372148173,2.06985578524227,0
"null",1.16747530230374,0.316029249426329,0
"null",1.41751309753907,1.42334097234705,0
"null",0.161689545234245,1.47173749093997,0
"null",0.189575218605414,0.876779115883838,0
"null",0.585745241562826,1.13798931287203,0
"null",0.449828192254554,1.44148073074677,0
"null",0.765202982627601,1.21970515626146,0
"null",1.00580190261818,0.696612125215614,0
"null",0.345047345855175,1.75591970013645,0
"null",0.233507034179702,0.590207171739627,0
"null",0.238470061686713,0.579791104013294,0
"null",0.122465822781924,0.0478576508729062,0
"null",0.919444777270879,0.3116220785123,0
"null",0.236969167712807,0.508374079495916,0
"null",0.453712510505898,0.761276493018672,0
"null",0.834917522514362,1.50381435922387,0
"null",1.6576337386361,0.226755750391647,0
"null",0.845134173636257,1.43700529332112,0
"null",0.201547603825093,0.265406390405846,0
"null",1.61549405309985,0.670116463509298,0
"null",0.9257614752595,1.71999669894297,0
"null",0.890421625259738,0.633114896632977,0
"null",0.74067396036065,1.24790430827115,0
"null",0.571865890376083,0.259839208234454,0
"null",0.167781591096612,0.065078171935409,0
"null",0.982897358231831,0.310234000429578,0
"null",0.718795762550012,1.75850873960511,0
"null",0.278857802713197,0.231522550347882,0
"null",0.274374264670061,0.279536769682066,0
"non-null",2.39397620215491,0.45097175026297,1
"null",0.184326512705492,0.143602139708768,0
"null",1.12289262107591,0.376227081906171,0
"null",1.18585246861396,0.940052312711097,0
"null",0.362752349686666,0.352685911615144,0
"null",1.43952947805233,1.68200376283972e-14,0
"null",0.0663666762286732,0.550517404152866,0
"non-null",2.09356861164619,1.68200376283972e-14,1
"non-null",3.24535150687102,1.68200376283972e-14,1
"null",0.164333371683997,1.83966244937528,0
"null",0.771023943280125,1.62399103136089,0
"null",0.990580686974288,1.36670119341963,0
"null",0.31135747251964,1.31720894170508,0
"null",0.503451944421713,0.0892764794275306,0
"non-null",2.47125878639133,1.28931792739836,1
"null",1.31679288936154,1.21060552939194,0
"null",2.03615925247281,0.48683380960359,0
"null",0.0140516251807517,2.2651204164523,0
"null",1.10839550253058,1.4005207178995,0
"null",0.529177407296826,0.867300286695394,0
"null",0.869229711131483,0.258830202793396,0
"null",0.854905938394095,1.68200376283972e-14,0
"null",2.03053291556954,1.0509598652088,0
"null",1.35763706586105,1.45657647632259,0
"non-null",2.65800723425283,1.68200376283972e-14,1
"null",1.32054978696666,0.632140625024282,0
"null",1.90768754448304,0.188194157103636,0
"null",0.668619902309461,0.459530986095072,0
"non-null",2.48337705299392,1.64177988503523,1
"null",0.3999174519713,0.497316215466419,0
"null",1.47788525434853,0.395919199702055,0
"null",1.15013017668493,0.119414957323171,0
"non-null",2.56402708871115,1.63132049115605,1
"null",1.31737410057654,0.642957149625488,0
"null",2.07934176709737,1.68200376283972e-14,0
"null",1.23642620106641,0.183755464152426,0
"null",1.97476143224282,0.0600533285338382,0
"non-null",2.32396423192964,0.549215816606995,1
"null",1.90153249470092,0.471344537030889,0
"null",1.58881071286267,0.526867852507768,0
"null",0.0904859863544789,0.607665895148392,0
"null",1.83894217961612,0.574570451479358,0
"non-null",3.59923277428533,1.06847883800709,1
"null",0.113119132103053,0.297740770323533,0
"null",0.905666782504295,0.362166745831991,0
"null",0.738839261123693,0.164735775642521,0
"null",0.741759303261972,0.42120013439268,0
"null",1.30597466380507,0.0697159537770465,0
"null",1.04241865488872,1.37551976315468,0
"null",0.0515646052073238,1.47609778620686,0
"null",1.91671184439168,0.214824677773837,0
"null",0.173797560438308,0.0704768831124377,0
"null",1.43588140696201,0.794436666996203,0
"null",0.0852828026341469,1.19883461341897,0
"null",0.204442076840218,0.545986804984651,0
"null",0.120921045181151,0.859444905039644,0
"null",2.02576234589217,0.651911234455442,0
"null",1.61294317456144,0.953069526226539,0
"non-null",2.48104650746611,0.717635317424261,1
"null",1.08675442166967,0.657815654926419,0
"null",1.09973083019341,0.913176524069538,0
"null",0.0797188683432295,0.51692725648491,0
"non-null",2.55922562318855,1.48087431576545,1
"null",0.96932884940103,0.194213008041842,0
"null",0.860411834477752,0.115318615957635,0
"null",0.271330934586748,0.112090036048828,0
"null",1.37882856463763,0.743458400660066,0
"null",1.73501483196315,1.21748365079597,0
"null",1.0859616264926,0.301274888447279,0
"null",1.39054428822674,0.375049249501242,0
"null",0.343369250213032,0.168586505576834,0
"non-null",3.10978007458499,1.04054024881329,1
"null",1.45511768061824,0.849755021885951,0
"null",1.19631841244609,0.877649653864431,0
"null",1.55776368505895,1.18263745116876,0
"null",0.891392132990681,0.0888055050355236,0
"null",0.695826083057267,0.469376664549681,0
"null",0.984100971910995,0.273528923230842,0
"null",0.717367885167613,0.864513604898437,0
"null",0.658798736540435,0.0927757317761181,0
"null",1.78914747501664,1.68200376283972e-14,0
"null",0.767055093227244,1.16105424090324,0
"null",0.185542894629363,1.85449053908602,0
"null",1.2318522573675,1.51384140283094,0
"non-null",2.09363441047335,1.02072331329479,1
"null",0.242949279978541,0.919341405493502,0
"null",0.510904210747275,0.0184169945472959,0
"null",1.30772516475649,1.01398135427612,0
"non-null",2.09712478669936,0.610657151428534,1
"null",0.218414803098288,0.635395404941815,0
"null",0.0748557189284616,0.0651683807390684,0
"null",0.395476363913262,0.737805732746992,0
"null",0.841065491427873,1.68200376283972e-14,0
"null",0.847521128540773,0.837031326610228,0
"non-null",3.63198353543159,1.7081566541424,1
"non-null",2.09399841008685,1.16592039345973,1
"null",1.59743646484366,0.818561790210872,0
"null",0.309309623555379,1.75031719678221,0
"null",0.83306308541966,1.5892399445973,0
"null",1.08115979588596,0.468925983466611,0
"null",1.04985544877468,0.893143904643197,0
"null",1.08367916086466,0.471014920974077,0
"null",0.0268526408202653,1.12048073725945,0
"non-null",2.12977969698405,1.4119506307135,1
"null",0.788629312077744,0.458862684296526,0
"null",0.641040595501645,1.29404838049292,0
"null",0.400494374152426,0.505142230057432,0
"null",0.410679884631688,0.549215816606995,0
"null",0.532268731288971,1.52230838391011,0
"null",0.80835662552202,2.27170409198147,0
"null",0.441512644012279,0.00213974989156756,0
"null",0.108300511717878,1.01372221214231,0
"null",1.22871424609606,2.02158531408411,0
"null",0.922309970550517,0.89541028384235,0
"non-null",2.13843224302672,0.155795253492907,1
"null",0.0675146164459882,1.12210078223015,0
"null",0.712117772503504,0.0999803096208436,0
"null",0.954248882697586,1.57035831967597,0
"null",0.828464848504886,0.595202185833526,0
"null",0.929805072296228,0.401824578450132,0
"null",0.152065286854901,0.122830269158355,0
"null",0.557549080830725,1.01960619147329,0
"null",1.08187123870679,0.875241334276016,0
"null",0.167247755792996,0.369455624946357,0
"null",0.0156313201925579,1.52036919410202,0
"null",0.649354792698421,0.429436385867634,0
"non-null",2.82657634931699,0.710284620056819,1
"null",1.03161752280744,1.52667139449348,0
"null",0.0933064203569319,0.417229138659188,0
"null",1.66906943332826,1.06896816052207,0
"non-null",2.57914363411304,2.10130962161424,1
"null",0.0349977650272625,0.725224261793979,0
"null",0.861773287002005,1.29200205867929,0
"null",1.97837789068698,0.899879658971834,0
"null",0.606279387954573,1.26147851387057,0
"null",0.364807652578996,4.010352454072,0
"null",0.820331512198727,0.167296640679566,0
"null",1.69120385341962,0.944372881843046,0
"null",0.688077059746571,0.828996303572351,0
"null",0.557785693280246,0.2436515602904,0
"null",0.438164443412482,0.678096590276615,0
"null",0.388069399210366,0.791860995661472,0
"null",1.13913215230104,0.718107107653133,0
"null",0.115639473685993,2.03126687618878,0
"null",1.02070134095835,0.332782869372779,0
"null",1.3848498874926,1.05944146252677,0
"null",0.78560924514403,1.67521271511551,0
"null",1.21251292859427,0.437531283935599,0
"null",0.80623870607958,0.0198057156818547,0
"null",1.0745886329375,0.473790656636318,0
"null",1.92155667211096,1.68200376283972e-14,0
"null",0.706587499565693,0.961249140993308,0
"non-null",2.5740404275279,1.68200376283972e-14,1
"null",1.6378337422492,1.68200376283972e-14,0
"null",1.96687190348655,1.04197585404445,0
"null",0.0245733394366518,1.68200376283972e-14,0
"non-null",4.01134825338858,0.81997751223058,1
"null",1.18324195687449,1.68200376283972e-14,0
"null",0.792647706191501,1.68200376283972e-14,0
"null",0.973421246611961,0.045936515234409,0
"null",1.35785134760875,1.84506414320522,0
"null",0.290217132189731,0.0283305626815794,0
"null",0.148496457534814,0.109227369270815,0
"null",1.46303114913809,1.10325829042237,0
"null",1.65014720638547,0.635395404941815,0
"null",0.829648999060352,0.895461038123684,0
"non-null",2.45807673426592,1.68502232912687,1
"null",1.17204341802462,1.0509598652088,0
"null",0.367849632565083,0.582311914046198,0
"null",0.0260566154734459,1.68200376283972e-14,0
"null",0.487951747518836,0.379393502300707,0
"null",0.70423371876791,1.18232194610458,0
"null",1.41550246774819,1.22033809410549,0
"null",1.19427796779076,0.853317520712357,0
"null",0.0660722520508519,0.838718381393017,0
"null",0.945982278138881,0.189950951555092,0
"null",1.12011075257334,0.470406289177183,0
"null",0.0961890827664714,0.16840409890993,0
"null",0.32332305019136,1.03393848558826,0
"null",1.14274932551253,1.68200376283972e-14,0
"null",0.310827500875243,0.615208714584983,0
"null",1.35740425243694,0.312106710770852,0
"null",0.0875491087544537,0.344668751325053,0
"null",1.69626553294843,0.845551171467527,0
"null",0.947044679835456,1.176947922228,0
"null",0.227414894304377,0.623875965920896,0
"non-null",4.05085341581451,0.486674920686492,1
"null",0.183461072027994,1.68200376283972e-14,0
"null",0.683054497434942,0.864625910842189,0
"null",0.520996419750996,0.762955940100347,0
"non-null",2.77909849683735,0.441941623122665,1
"null",1.25244496427772,0.440111903461798,0
"null",0.0406614979568708,1.30709442517984,0
"null",1.48184747671959,1.06137792144097,0
"null",0.790140588998427,0.364385494501639,0
"null",0.192116854653967,1.68200376283972e-14,0
"null",0.395892921411442,0.207209148723541,0
"null",0.815934398748461,1.14233688786306,0
"null",0.453038305275772,1.68200376283972e-14,0
"null",0.511772949255955,1.34517715413226,0
"null",0.21673286314177,1.46241669272629,0
"null",0.704072345331755,1.21468578695084,0
"null",1.46837748590789,0.502475757999994,0
"null",0.373022184524074,0.463890351337793,0
"null",0.420172152983482,1.99823854650287,0
"non-null",2.68621545678609,1.11721702440019,1
"null",1.78103904773944,0.394614732626238,0
"null",0.0877166538832537,1.71256072808863,0
"null",0.0401747850741957,0.647476263596699,0
"null",1.87643754405736,0.82107817203348,0
"null",0.524845500172977,1.36243124906598,0
"null",0.155926864317662,0.428847897518341,0
"null",0.79884195415396,0.238031097701567,0
"null",0.798344188655888,1.37024945828015,0
"null",0.241054336897176,0.761109603481222,0
"null",1.59171265718668,0.596815351193193,0
"null",1.19042475441686,0.924504075047744,0
"null",1.42853717920094,0.045726841144729,0
"null",1.30803565007923,0.689358027390151,0
"null",0.463836846477543,0.225598681418318,0
"null",1.76828445129899,0.097031163651332,0
"null",0.945200568826123,1.68200376283972e-14,0
"null",0.891753256380193,1.68200376283972e-14,0
"null",0.128034019253827,1.68200376283972e-14,0
"null",0.532167323389607,0.114462122281412,0
"null",0.804834486657331,0.0785846341119864,0
"null",0.501397327131639,0.658659146441703,0
"null",0.582231271402538,0.678009397785794,0
"null",0.830014076448035,0.178572951057376,0
"null",1.4707184591909,2.02804303099052,0
"null",1.03048737502229,0.307393683116701,0
"null",0.156229377548342,0.0936610046579685,0
"null",0.271830037134296,0.308796087296618,0
"null",0.141414448695167,0.155584892720317,0
"null",0.496006443465892,0.671047307021827,0
"null",1.13943014042981,1.01025183138313,0
"null",0.308010140184482,1.68200376283972e-14,0
"null",1.34157968379104,1.68200376283972e-14,0
"null",0.618215409423874,1.03194587605272,0
"null",1.55711772671979,1.3108247457715,0
"null",0.151218589884549,0.867773829481363,0
"null",0.80064017387216,1.68200376283972e-14,0
"null",1.02202525215447,0.499557662746482,0
"null",0.771017184743835,0.136131537909117,0
"non-null",2.10770156668175,0.657525359324014,1
"null",0.0765337696220031,1.68200376283972e-14,0
"null",0.665335313407702,0.589569711903284,0
"null",0.261201350502514,1.68200376283972e-14,0
"null",0.231896986732768,0.982628216154363,0
"non-null",2.7936753291373,0.127226730628575,1
"null",0.104712400587639,1.68200376283972e-14,0
"null",0.0351410973649959,0.671047307021827,0
"null",0.419120213930692,1.01497561173881,0
"null",1.21848010751521,1.68200376283972e-14,0
"null",2.07000281337415,1.58059069732802,0
"null",0.125648790109475,0.0165466791154287,0
"null",0.939842996945355,1.68200376283972e-14,0
"null",1.69236628110633,0.574570451479358,0
"null",0.400794601056579,1.09282622057367,0
"non-null",2.74284902135635,0.130519846301115,1
"null",1.42943173089374,0.826681039432668,0
"null",0.226262217207708,0.801268939365153,0
"null",0.961736353578264,0.986209914433671,0
"null",1.17613073237561,0.0354263247438977,0
"null",0.266102396130762,0.725653461400305,0
"null",1.20580326203346,1.16579963935111,0
"null",0.185594242191778,1.46223345344092,0
"null",0.588179896696118,0.363817805815966,0
"null",0.910775494232531,1.42299986842612,0
"null",1.53756752672959,1.21777781678204,0
"null",0.510450554548097,0.900625984182186,0
"null",0.335459175875438,1.68200376283972e-14,0
"null",0.304232831008603,0.745121144095266,0
"null",0.365826721002515,0.192959056758854,0
"null",0.186432852698138,1.59353706845606,0
"null",0.730024900737883,0.98399807055426,0
"null",0.597879205726731,1.51292425523984,0
"null",1.02297272736088,0.953327379191245,0
"null",1.32738738539499,0.218374802137927,0
"null",0.560756163095774,1.38011822217925,0
"null",0.358371472566709,0.948257413438274,0
"null",0.350026021938519,0.184406532754666,0
"null",0.368364906128577,0.863095148742246,0
"null",1.92272139904514,0.356906589505253,0
"null",0.381774929643492,0.418676570033347,0
"null",0.813519931966347,0.529416688150964,0
"non-null",2.50255547848811,0.208055537026257,1
"null",0.280248213295264,2.80843857879763,0
"null",0.392611586113018,1.92638554437546,0
"null",0.0213641192696559,0.169881549207023,0
"null",1.01371275751825,2.94708976129926,0
"null",0.55284115072993,1.68200376283972e-14,0
"null",1.57499558988933,1.68200376283972e-14,0
"null",1.71609675424148,1.68200376283972e-14,0
"null",1.08630269471447,0.806356482639951,0
"null",0.690892682739288,1.35392289765419,0
"null",0.482999887473695,0.159155462948754,0
"null",0.586496827725333,0.70354766661578,0
"null",0.610303583214822,0.70354766661578,0
"null",0.037036321844598,0.70354766661578,0
"null",1.63817181278266,0.541824023970554,0
"null",0.646380467881532,0.425831930340442,0
"null",0.33372716444889,1.68200376283972e-14,0
"null",1.37480725695728,0.030664799191918,0
"null",0.676019877364971,0.721828033672599,0
"null",0.0644783352503198,1.68200376283972e-14,0
"null",0.162090568129289,1.68200376283972e-14,0
"null",1.87658659748281,1.68200376283972e-14,0
"null",0.355565303777712,0.0193129717557992,0
"null",0.723561277227667,1.68200376283972e-14,0
"null",0.698976176505573,1.68200376283972e-14,0
"non-null",2.2254230743479,1.68200376283972e-14,1
"non-null",2.15772767227638,0.630136308109389,1
"null",0.696493232943151,1.68200376283972e-14,0
"null",1.11562173240137,0.649173701414705,0
"null",1.81968423420215,1.00973625073052,0
"null",0.219412260284535,1.4467383983574,0
"null",0.435773779308476,1.79212750513152,0
"null",0.615405821708211,0.245516274052354,0
"null",0.216026962165412,1.21511072466711,0
"null",0.188657505662095,0.657730512961663,0
"null",0.685650467201364,0.779355411978519,0
"null",0.501993290487664,0.657730512961663,0
"null",0.249644497184277,1.68200376283972e-14,0
"null",0.382792425345743,0.868496152891597,0
"null",0.254544259515111,1.68200376283972e-14,0
"null",1.48425100033625,0.764607145906351,0
"null",0.142973670574364,1.68200376283972e-14,0
"null",0.130611500467787,0.400782309836137,0
"null",0.896621647097214,1.78721536488157,0
"null",1.78921063273745,3.16911423512493,0
"null",0.0292738780224167,0.961113394521249,0
"null",0.912277284121278,0.656389770351537,0
"null",0.831493297647198,2.65615926497159,0
"null",1.62375023487767,0.807616444446455,0
"null",0.480176742768065,0.465701469181943,0
"null",0.569307789351118,0.634791261192089,0
"null",0.543023965469292,1.11513789128142,0
"null",0.653432773418868,0.461715938967752,0
"null",1.13706420844324,1.7133927586691,0
"null",0.152911297233145,1.060122854947,0
"null",0.520765771790813,1.68200376283972e-14,0
"null",0.913116297446518,1.27605687513365,0
"null",1.22647106862459,1.68200376283972e-14,0
"null",1.15073370799619,0.999328273929305,0
"null",1.31571223968192,1.68200376283972e-14,0
"non-null",2.1997885815337,0.11111478969364,1
"null",1.06938375847207,0.83590439576084,0
"null",1.26797824820839,0.97481543240371,0
"null",0.637080454314883,1.70569821352267,0
"null",0.100130243496946,0.982134500704817,0
"null",0.152010703684447,1.62160248620291,0
"null",0.281522156171055,0.0981999747116787,0
"null",0.189095739147661,0.758154493765017,0
"null",0.636299664405138,1.68200376283972e-14,0
"null",0.166541069229818,1.71416930383246,0
"null",1.42311276499517,1.58556986863907,0
"null",0.213256470963272,1.68200376283972e-14,0
"null",1.21979066876475,0.234456962736195,0
"null",0.430324496684115,0.412752847266038,0
"null",0.735493745892304,1.68200376283972e-14,0
"null",1.54593033608216,0.649065112728847,0
"null",0.831524568219001,1.68200376283972e-14,0
"null",0.237258188091576,1.68200376283972e-14,0
"null",1.19209772876861,0.579791104013294,0
"null",0.753316788032215,1.68200376283972e-14,0
"null",1.11173671271132,0.556244835056032,0
"null",1.14068512666427,0.81997751223058,0
"non-null",3.88974445070602,0.250563190343709,1
"null",0.871218046572632,0.00305506393094272,0
"null",1.64133256749352,1.45885237642718,0
"null",0.227876548881956,0.699908821109897,0
"null",1.69396340791419,0.618083614511348,0
"null",0.905129137052057,0.980569102803874,0
"null",0.00711574867743766,1.68200376283972e-14,0
"null",1.43438687213152,1.48534350167526,0
"null",0.0636407296026165,1.68200376283972e-14,0
"null",1.08711713448757,0.60041895586176,0
"null",1.1425195321024,0.551451299433135,0
"null",0.257805505042874,1.68200376283972e-14,0
"null",0.0478625189754304,1.68200376283972e-14,0
"null",1.09303038945718,1.84790232489404,0
"null",0.347055516530949,0.549024322753025,0
"null",0.0698824119255073,1.22712236989793,0
"null",0.442816245166781,0.273977571286982,0
"null",0.469596361836345,1.01984193710563,0
"null",1.41637973782488,0.213087296154332,0
"null",1.93991867258821,1.75157448732747,0
"null",0.0760885364465451,1.2683487634204,0
"non-null",2.157469740796,0.721828033672599,1
"null",0.724018559161968,1.3557260554028,0
"null",0.132873924028523,1.73515334500919,0
"null",1.02174094588542,0.485311752048621,0
"null",1.2256515373391,0.323645940871311,0
"null",0.0454292386787346,1.01497561173881,0
"null",1.90147615750147,0.897514712609263,0
"null",1.45363632372704,1.68200376283972e-14,0
"null",0.54784957149998,0.838074489526218,0
"null",0.380249810763709,0.940313744655878,0
"null",0.208959343309888,1.53285080223904,0
"null",0.604140574636808,0.0480484743242986,0
"null",1.18647775102343,0.872319377009906,0
"null",1.75811105766687,0.755268408487319,0
"null",1.47808266625193,0.227811784389682,0
"null",0.911702059529716,0.0798871809242792,0
"null",0.29785014770091,1.65116475976312,0
"null",0.824865168579467,0.814004708296399,0
"null",1.06686425884751,0.507083520461589,0
"null",0.12021176125424,1.68200376283972e-14,0
"null",0.945493579567167,0.807824508968323,0
"null",0.717605148772632,1.68200376283972e-14,0
"non-null",2.7194744323992,1.07599282157544,1
"null",1.84189254615644,1.68200376283972e-14,0
"null",0.416082664368587,1.60078913719532,0
"null",0.648583695806291,0.38942822001262,0
"non-null",2.085165061788,0.182454935167785,1
"null",0.210980173734576,1.14653606909218,0
"null",0.773895971721945,0.945187362745362,0
"null",1.70902734294709,0.287475035162075,0
"non-null",2.24038576945441,0.298932677446296,1
"null",0.517949019870635,1.23474928233829,0
"null",1.00470218237989,0.280182563435074,0
"null",1.27809581965308,1.42173676179806,0
"non-null",2.71496479022589,1.33489313996472,1
"null",1.2617859068424,0.261084462664976,0
"null",1.0724302914332,1.65136175097541,0
"null",0.789203947005377,0.73419586267182,0
"null",1.34761555533982,1.05037779808554,0
"null",0.411443416677783,1.68200376283972e-14,0
"non-null",2.50331924426036,0.798328823792787,1
"non-null",2.54583373993132,1.68200376283972e-14,1
"null",0.936660569344789,0.710284620056819,0
"null",0.457902227594472,1.75886647078681,0
"null",0.923538652068582,0.635395404941815,0
"null",0.881320267246599,0.34894085787578,0
"null",0.391983549915743,0.220963881417463,0
"null",1.17060898347956,1.90546415251782,0
"null",1.82697208104889,1.86348323557747,0
"null",0.681023428711215,0.748343991124228,0
"null",1.44731677818129,1.77148394174822,0
"null",0.503142000645925,0.760019133553084,0
"null",0.673461773267499,0.81251274652226,0
"null",0.959059317734089,1.68200376283972e-14,0
"null",0.0144181665101742,0.584188968878074,0
"non-null",2.16898163456156,2.6381365644313,1
"null",0.0435520303352453,0.482590672255684,0
"null",1.1909411103114,1.61076144576644,0
"null",1.37085871177452,0.699908821109897,0
"null",1.0953904938923,2.34984900709453,0
"null",0.974979840004149,1.37993956862559,0
"null",1.17055428836656,0.0395758328411455,0
"null",0.0254660097399144,1.26313758211066,0
"non-null",2.13777011730648,0.722901565697056,1
"null",0.220137755309868,0.370627481135428,0
"null",0.307790339536934,0.654779473132896,0
"null",0.930586463204059,2.42985596024442,0
"null",0.838647903463398,0.454356324976728,0
"null",0.56703944343198,0.766127228333115,0
"null",0.181725264451631,0.376089638163267,0
"null",1.27696438355544,0.803873697874577,0
"null",1.04552775145099,0.0278512636681281,0
"null",0.190895732430711,0.789199216665569,0
"null",0.262988854597573,0.65934332416321,0
"null",1.68750604038746,0.192298299364772,0
"non-null",2.94611172950386,1.42834421133818,1
"null",0.405062632886385,0.869911582662241,0
"null",0.962724473621431,0.0100047809270643,0
"non-null",4.13150593739189,2.05610741180596,1
"non-null",2.15360612565107,1.09933499236223,1
"null",0.199201174638133,0.74857998550769,0
"null",0.286578840582992,0.327670466433201,0
"non-null",2.30391377087756,0.131368621729445,1
"null",0.411246406206104,0.0789702243970483,0
"null",1.75814977810003,0.078757773320637,0
"null",0.0941795969406405,1.45867449344684,0
"null",0.908980054124272,0.3528584766147,0
"null",0.797743249723255,0.277573102366857,0
"null",0.233275810295181,0.902250422099348,0
"null",0.11537394105148,0.849196699475313,0
"null",0.204448342615205,0.876437545905206,0
"null",0.543685071633588,0.462717371061254,0
"null",1.78353137625057,0.00902813882367313,0
"null",1.91853516983951,1.57982575105957,0
"null",1.78496283720098,0.053549394352081,0
"null",2.03336822392697,0.0235022618073494,0
"null",0.416738035279844,2.89063414313545,0
"null",0.105883607745235,1.60801993264821,0
"null",0.689108957882379,0.451855780588178,0
"null",1.28738960578507,2.13967083467692,0
"null",0.679333853523559,0.564855481402088,0
"null",1.42821026939912,0.391348057191905,0
"null",0.225022383347417,0.981910826125522,0
"null",0.927967135388579,0.67482800105553,0
"null",0.582152758186653,1.29494372634078,0
"null",0.138073191373264,0.50096239658359,0
"null",1.12431534606952,2.31827363702205,0
"null",1.18618150308182,0.210834466513557,0
"non-null",2.40369084491391,1.53621228088164,1
"null",1.42410460741937,0.671047307021827,0
"null",1.73682615948625,1.68200376283972e-14,0
"null",1.82793747609887,1.60309540763468,0
"null",0.753074040019152,0.510116383599005,0
"null",1.72163855619388,0.325773509442154,0
"null",1.5614526173255,1.68200376283972e-14,0
"null",0.376764378443521,0.0806160744740141,0
"null",0.798410657965021,0.611125889537901,0
"null",0.66879722355734,0.72743179554028,0
"null",1.0283148004048,0.81997751223058,0
"non-null",2.65044779098904,1.19461885310956,1
"null",0.192918108411132,1.68200376283972e-14,0
"null",0.649073125273614,1.68200376283972e-14,0
"null",0.774606080171176,1.23726269881143,0
"null",1.338749929012,0.510206466948708,0
"null",1.01155756980172,0.704199641567767,0
"null",0.28690587009738,0.302789335030672,0
"null",1.91684786859552,0.279378704427832,0
"null",0.222879889173562,1.68200376283972e-14,0
"null",0.451070288746527,1.37954286935275,0
"null",0.485433349069516,1.12703708535784,0
"null",0.996688100797409,0.635395404941815,0
"null",1.11750913499653,0.540715958665472,0
"null",0.130154606294417,0.441020381875946,0
"null",0.594848545837153,0.21582092523048,0
"null",0.719732014729196,1.28412763020806,0
"null",0.563436273826897,0.206791321511402,0
"null",0.40557253054008,0.32276758411977,0
"null",2.05691029066828,1.021669985112,0
"null",0.137819332118381,0.223511412855052,0
"null",0.68455814349214,1.14671295352375,0
"null",0.228412211580815,1.68200376283972e-14,0
"null",0.467525664874902,1.68200376283972e-14,0
"null",1.68089225820072,1.68200376283972e-14,0
"null",1.12355915852498,1.68200376283972e-14,0
"null",1.57870169218455,1.68200376283972e-14,0
"null",0.883109442717037,1.68200376283972e-14,0
"null",1.24855364921333,1.68200376283972e-14,0
"null",0.491957631741569,1.68200376283972e-14,0
"null",0.681766879118421,1.68200376283972e-14,0
"null",0.504682920042285,1.68200376283972e-14,0
"null",0.105369827791938,1.68200376283972e-14,0
"null",0.738021031415332,1.68200376283972e-14,0
"null",0.417558377428678,1.68200376283972e-14,0
"null",0.607211022732142,1.68200376283972e-14,0
"null",0.359938381381845,1.68200376283972e-14,0
"null",1.20142318348062,1.68200376283972e-14,0
"null",0.74031199135234,1.68200376283972e-14,0
"null",0.849873472967315,1.68200376283972e-14,0
"non-null",2.35693800717526,1.68200376283972e-14,1
"null",0.182970831355169,1.68200376283972e-14,0
"null",0.921110360942587,0.864513604898437,0
"null",0.0157722043400013,1.68200376283972e-14,0
"null",0.604568335524654,1.021669985112,0
"null",0.756652097730593,1.68200376283972e-14,0
"null",1.17321681274545,0.635395404941815,0
"null",0.941030513042771,1.68200376283972e-14,0
"null",0.340217259149706,0.535156134744303,0
"null",0.370260824653414,0.70354766661578,0
"null",0.0892938819995367,1.68200376283972e-14,0
"null",0.747832274795623,1.68200376283972e-14,0
"null",0.0682937939631281,0.635395404941815,0
"null",0.709389608674529,1.68200376283972e-14,0
"null",0.767859800356404,1.68200376283972e-14,0
"null",0.812318957181322,1.68200376283972e-14,0
"null",0.0630694507598933,1.68200376283972e-14,0
"null",0.419184961073127,1.68200376283972e-14,0
"null",0.834799943108059,0.635395404941815,0
"null",1.8754710549631,1.68200376283972e-14,0
"null",0.78801858977459,1.68200376283972e-14,0
"non-null",2.18137746041452,1.68200376283972e-14,1
"null",1.39340254176651,2.48760355793771,0
"null",0.179675156490603,1.12230250793568,0
"null",0.200575718913969,0.323846593106931,0
"null",0.769281795226373,0.964381557133277,0
"null",1.32965503822271,0.495537545524269,0
"null",1.66178533330732,0.981707066688165,0
"null",0.683001806595755,0.625770308173873,0
"null",1.29472985117869,2.43096356125648,0
"null",1.40274811386197,0.631578804563746,0
"null",1.35136042987847,1.68200376283972e-14,0
"null",0.375521698356557,1.10273157751969,0
"null",0.153701573915244,0.635395404941815,0
"null",0.262488669542248,1.68200376283972e-14,0
"null",0.565909939498607,0.182391128465672,0
"null",0.0798031030460959,0.174210900109383,0
"null",0.109133789186543,1.16189527805983,0
"null",0.42128705671048,1.90924020505909,0
"null",1.35719553386259,1.35411027992611,0
"null",0.68204124841855,1.77814702537896,0
"null",1.17118201459648,1.79619234602566,0
"null",1.3748316985112,0.635395404941815,0
"null",0.522504808501007,1.68200376283972e-14,0
"null",1.08473005166967,1.0318133190846,0
"null",2.07145993423381,0.99645186150128,0
"null",0.412600231344075,1.68200376283972e-14,0
"null",0.806615113514929,0.593295909352091,0
"null",1.30957038020679,1.68200376283972e-14,0
"null",0.539507156117222,0.875940649803805,0
"null",1.08426303315303,1.68200376283972e-14,0
"null",1.16184306757985,1.68200376283972e-14,0
"null",0.564226284469053,1.68200376283972e-14,0
"null",0.495466080126869,1.68200376283972e-14,0
"null",0.621478077209375,1.68200376283972e-14,0
"null",1.10877327852773,1.68200376283972e-14,0
"null",0.902064099033022,1.56170165178962,0
"null",0.993557538893864,1.68200376283972e-14,0
"null",0.158311222459335,1.68200376283972e-14,0
"null",0.885371097508753,1.68200376283972e-14,0
"null",0.260001822355262,1.61226827627407,0
"null",0.466563775109686,1.68200376283972e-14,0
"null",0.718377518527142,1.68200376283972e-14,0
"null",1.67888313139253,1.35574887491508,0
"null",1.49615040636338,0.159079479118519,0
"null",1.21305541269256,1.68200376283972e-14,0
"null",1.52400176844331,0.636161606502824,0
"null",0.713413122047922,1.68200376283972e-14,0
"null",0.35447396741107,1.68200376283972e-14,0
"null",0.669734772062727,2.90727934576158,0
"null",1.3451889891736,0.741222114502976,0
"null",0.205699907616239,0.798150266096078,0
"null",0.32425180853623,0.163170629093829,0
"null",1.98518731176057,0.155554900841407,0
"null",0.282140188004134,1.1354462515578,0
"null",1.44247124008636,0.897514712609263,0
"null",0.754207303244934,1.63230795298994,0
"non-null",2.35938537260997,0.764607145906351,1
"null",0.472715253806983,2.62035399937247,0
"null",0.784806549811796,1.68200376283972e-14,0
"null",0.317385252502954,1.68200376283972e-14,0
"null",0.728089573828586,1.578508298038,0
"null",0.0548383802646914,1.68200376283972e-14,0
"null",0.0746536642721712,1.68200376283972e-14,0
"null",0.531556187396017,1.68200376283972e-14,0
"null",1.19573201879805,0.0674856721918496,0
"null",0.414309503015205,0.0426445626562756,0
"null",1.3308232248907,1.68200376283972e-14,0
"null",0.146682803201844,0.779400583778553,0
"non-null",2.15046469543576,1.68200376283972e-14,1
"null",0.387380602860699,1.68200376283972e-14,0
"null",0.550402923918246,0.635395404941815,0
"null",1.26967861059532,0.67429847691988,0
"null",0.55998749241399,1.68200376283972e-14,0
"null",0.102494107726602,1.68200376283972e-14,0
"null",0.883328156107592,1.16132139209906,0
"null",0.948193827953773,1.68200376283972e-14,0
"non-null",2.23540423589529,1.10281842313008,1
"null",0.615197358796854,0.635395404941815,0
"null",0.178149062754265,2.30865175993795,0
"null",0.583136385058354,1.68200376283972e-14,0
"null",0.80179072485989,1.50982394175751,0
"null",0.633657051766066,1.04005137833101,0
"null",0.960872130988401,1.68200376283972e-14,0
"null",1.71908780737066,2.17417074461028,0
"non-null",2.43321390728712,0.102576693317136,1
"null",1.04427980641709,1.02288820173416,0
"null",1.35121024893582,1.61374272620899,0
"null",0.801205353500616,0.250609891490564,0
"null",0.45516090090751,1.68200376283972e-14,0
"null",0.357991720061205,1.68200376283972e-14,0
"null",0.379846137633055,0.300886387339603,0
"null",1.39745789063513,1.69772500548663,0
"null",0.210283293145715,1.68200376283972e-14,0
"null",1.24058204214763,1.68200376283972e-14,0
"null",0.406164460448001,1.68200376283972e-14,0
"null",0.545452845437404,1.68200376283972e-14,0
"null",0.725079751252587,1.68200376283972e-14,0
"null",1.35061801919876,1.68200376283972e-14,0
"null",1.22837117515792,1.68200376283972e-14,0
"null",1.04810491903011,1.68200376283972e-14,0
"null",1.54716965914014,1.68200376283972e-14,0
"null",0.117785316090617,1.68200376283972e-14,0
"null",0.579335312148887,1.68200376283972e-14,0
"null",1.04346837003949,1.68200376283972e-14,0
"null",0.650550813514546,0.635395404941815,0
"null",1.5399921817181,1.68200376283972e-14,0
"non-null",2.53884722346691,1.68200376283972e-14,1
"null",0.602988556907743,1.68200376283972e-14,0
"null",1.03294316963919,1.68200376283972e-14,0
"null",1.15733417301036,1.68200376283972e-14,0
"null",0.796918837404608,1.68200376283972e-14,0
"null",0.348639242341524,1.68200376283972e-14,0
"null",0.425435984902893,1.68200376283972e-14,0
"null",0.947832292551446,1.68200376283972e-14,0
"null",0.85252702932648,1.68200376283972e-14,0
"null",0.324662376844479,0.635395404941815,0
"null",0.81223434696346,1.68200376283972e-14,0
"null",0.0857627326373624,1.68200376283972e-14,0
"null",0.130118359872678,0.846733122808922,0
"null",0.58232606291779,1.68200376283972e-14,0
"null",1.29581169757449,1.68200376283972e-14,0
"null",0.918225765913529,1.68200376283972e-14,0
"non-null",2.36437363344814,1.68200376283972e-14,1
"null",1.00414868390339,1.68200376283972e-14,0
"null",0.0913760091417204,1.68200376283972e-14,0
"null",1.68411671952868,1.68200376283972e-14,0
"null",0.0420485824328074,0.369273932200424,0
"null",1.15062543953978,1.28327037658416,0
"null",0.247227799744771,2.2444847064136,0
"null",0.548583106290521,0.974742696975819,0
"null",0.651605617432884,0.372888420353293,0
"null",0.215074407634274,1.36299826531282,0
"null",0.642623124687398,0.0268868250789639,0
"null",0.915972926538671,0.109445517791249,0
"null",0.793063867280369,0.694678641363299,0
"null",0.0417426809076089,0.409033665997592,0
"null",0.969210385376434,1.64062801518436,0
"null",0.0999446212440628,1.68200376283972e-14,0
"null",1.73372062481158,1.12817441018,0
"null",0.0436629425565423,0.572373940404276,0
"null",1.81097083082147,0.128499672282011,0
"null",0.223756884846384,1.02465647015827,0
"non-null",2.34886949608851,1.68200376283972e-14,1
"null",0.390890126380398,1.68200376283972e-14,0
"null",1.1198850135741,0.635395404941815,0
"null",1.07935273632809,1.11190112932736,0
"null",0.270851747669471,1.03074887448337,0
"null",0.83597132564722,0.801899331695464,0
"null",0.608878892249691,0.635395404941815,0
"null",0.483981339850812,1.30085079169885,0
"non-null",2.49658647934544,1.00548935210059,1
"null",1.84436263785851,1.68200376283972e-14,0
"non-null",3.25129947263064,1.5926090875717,1
"null",0.239997561526122,0.367359316729904,0
"non-null",2.95132317333374,0.0179066111861928,1
"non-null",2.68778090484337,1.09684004070293,1
"null",0.77874483386472,0.657730512961663,0
"null",1.22584738163692,1.68200376283972e-14,0
"null",2.03108832743174,1.68200376283972e-14,0
"null",0.0399531696889559,0.390115370275023,0
"null",0.891501035723443,1.68200376283972e-14,0
"null",0.858880756917227,0.764607145906351,0
"null",0.71595498691077,1.68200376283972e-14,0
"null",0.199491623603153,1.68200376283972e-14,0
"null",0.787091129818839,1.19290705472053,0
"null",0.103967796504501,1.12695475977431,0
"null",1.47745117346277,0.549215816606995,0
"null",0.686029277280555,0.00832686595960562,0
"null",0.141086617977323,0.99645186150128,0
"non-null",2.29892228723279,0.549215816606995,1
"null",1.0438911125099,1.14245829712312,0
"null",0.353332343334483,1.68200376283972e-14,0
"non-null",3.06066668739204,1.68200376283972e-14,1
"null",0.833061484696543,0.863800904806442,0
"null",1.71232323440543,0.549215816606995,0
"null",0.324811758309802,1.14166746550214,0
"null",0.879544214577304,1.68200376283972e-14,0
"null",1.14558315225414,1.68200376283972e-14,0
"null",0.517047080093448,0.635395404941815,0
"null",0.479506697724263,0.355208061438963,0
"null",1.0291418826128,1.68200376283972e-14,0
"null",1.85502947481705,0.485149481798241,0
"null",0.491031710831493,1.68200376283972e-14,0
"null",0.747043390097531,1.25456499866897,0
"non-null",2.34515021809285,0.366665606124744,1
"null",1.96793023903631,1.68200376283972e-14,0
"non-null",2.28237472145598,1.68200376283972e-14,1
"null",0.411940762398415,0.758244945182646,0
"non-null",2.43312802405385,1.68200376283972e-14,1
"non-null",2.33345257151804,0.707884784250483,1
"null",0.536734489499022,0.058334947421897,0
"null",0.120661999739075,0.793671980350132,0
"null",0.506460264918214,0.143242432806031,0
"null",0.510388568880596,0.557447155986541,0
"null",0.587154523871027,0.276427847624033,0
"null",1.23318326763498,1.03267555268186,0
"null",0.661377062488519,0.212397783243585,0
"null",1.21360369877575,1.35492270436489,0
"null",1.81737417898049,0.898060584316574,0
"null",0.443516069963981,0.831482236249387,0
"non-null",2.11086647711748,0.864513604898437,1
"null",0.226688418652295,1.68200376283972e-14,0
"null",0.281918633477781,0.333419917752484,0
"non-null",2.12214257559449,0.671047307021827,1
"null",0.424090173255052,2.52440440821105,0
"null",1.14259503518735,0.690068385697133,0
"null",1.4776245042832,0.964381557133277,0
"null",1.222673378212,0.905989963323716,0
"null",1.68607016295654,0.133488021050384,0
"null",0.668360737078609,0.635395404941815,0
"null",0.387179199238653,0.9625756407015,0
"null",1.42936661899817,0.635395404941815,0
"null",1.31661527742995,1.05341832560924,0
"null",1.26036574669216,1.43862968421451,0
"non-null",3.31353016445503,1.68200376283972e-14,1
"null",0.954269945980279,1.12230250793568,0
"null",0.548756009133568,0.27292078088957,0
"null",1.17623480450453,0.542519712731174,0
"null",0.389714547300722,2.34404343756806,0
"non-null",2.91248961260121,1.68200376283972e-14,1
"null",1.03589193464171,1.68200376283972e-14,0
"null",0.377062255446539,1.68200376283972e-14,0
"null",1.5436098296518,0.776815566207724,0
"null",0.601186085456875,0.528820234780017,0
"null",0.237002720757761,1.68200376283972e-14,0
"null",0.421952455897485,0.630136308109389,0
"non-null",3.04038295007452,1.68200376283972e-14,1
"null",0.387061717771596,0.70354766661578,0
"null",1.94695353522234,0.731678928042253,0
"null",1.53004251895188,1.68200376283972e-14,0
"null",0.170764548723326,0.876308119020648,0
"null",1.69832151056226,0.579791104013294,0
"null",1.16445616063125,1.68200376283972e-14,0
"null",0.324272028216009,1.49721593265932,0
"null",1.79200929666431,0.864513604898437,0
"null",1.50258564422289,1.68200376283972e-14,0
"null",0.401362786852456,1.68200376283972e-14,0
"null",0.056129020769142,1.68200376283972e-14,0
"null",0.381819247215891,1.20947823262053,0
"null",1.2113119090149,1.68200376283972e-14,0
"null",1.62660064678479,0.635395404941815,0
"null",1.38549908575825,1.65286268238952,0
"null",1.20551640040393,1.42695452870684,0
"null",0.380749815859985,1.68200376283972e-14,0
"null",0.0569322397495107,1.00427327685327,0
"null",0.96748021152195,1.07250451153514,0
"null",1.6996747611745,0.880540453808069,0
"null",1.12756515814668,0.828155026637439,0
"non-null",3.16795873145626,1.68200376283972e-14,1
"null",0.208435587774753,1.45642510772484,0
"null",1.16607698277366,2.31513153149308,0
"null",0.0535068704836379,1.68200376283972e-14,0
"null",1.08907729691081,2.47266335659097,0
"null",1.36834440989925,1.2771941595944,0
"null",1.20791685811019,0.26061622071061,0
"null",0.658581634933098,0.808755475964306,0
"null",0.940409960194893,0.950621069598656,0
"null",1.58347303783385,0.247332373173085,0
"null",0.119391550097453,0.556738279695009,0
"null",0.500021991126653,0.294705519335277,0
"non-null",3.29175852753854,0.599114089503118,1
"null",0.373155846593485,0.405691730084958,0
"null",1.41710662412029,1.68200376283972e-14,0
"non-null",3.15369589531684,0.922289472356264,1
"non-null",2.37261640268043,0.484566688377094,1
"non-null",3.86364506422982,1.68200376283972e-14,1
"null",0.267786412983215,0.565092763383965,0
"null",1.64692795859121,0.528820234780017,0
"null",1.36920960149869,0.779400583778553,0
"null",1.1721941749536,0.792482363613322,0
"non-null",2.74152968264122,0.686863427373322,1
"null",0.0628124940841381,1.08420020045754,0
"null",1.72917445692895,0.799020424527456,0
"non-null",2.41938789274317,0.635395404941815,1
"null",1.81119860134326,0.207168755801903,0
"null",1.45110608217934,0.0697605114222377,0
"non-null",4.3319167434631,0.547032424106037,1
"null",1.29496905517752,0.984638389542722,0
"null",0.799510204199226,0.432764425936612,0
"null",1.28800926779932,1.45572448742446,0
"non-null",2.39064262116349,1.8707458907544,1
"non-null",2.63964262753659,1.68200376283972e-14,1
"null",1.74115488990748,1.68200376283972e-14,0
"null",0.0958074480891903,1.68200376283972e-14,0
"null",1.49939343901069,1.01897543001314,0
"null",0.0681673040965408,0.70354766661578,0
"null",0.446668876766518,0.678636750192545,0
"null",1.57684361758576,1.0907347416042,0
"null",1.75329522948054,0.635395404941815,0
"null",0.616448854059927,1.45394542410339,0
"null",1.73329576303423,0.180021531874754,0
"null",0.495810310976196,0.264693753422343,0
"null",0.588972175757737,0.403493352024369,0
"null",0.6082664070674,0.579791104013294,0
"non-null",3.00800353211692,0.779400583778553,1
"null",0.522837432925735,0.864513604898437,0
"null",1.72675214015404,0.635395404941815,0
"non-null",2.81057920176768,1.68200376283972e-14,1
"null",1.2549131769505,0.12195761034648,0
"null",0.996434947452299,0.347707588389825,0
"null",0.561073342192367,1.39696296686469,0
"null",1.4369905131208,1.68200376283972e-14,0
"null",1.0300678269884,1.68200376283972e-14,0
"null",1.43516818316326,0.635395404941815,0
"null",1.95956281677015,1.26153190730591,0
"null",0.528426173832584,1.33180327544997,0
"null",0.689968114951882,1.02733577258616,0
"null",1.96531675194023,0.779400583778553,0
"null",1.76850914464022,0.236025831239025,0
"non-null",2.08303076431596,1.18593417119426,1
"non-null",2.65116334613711,1.68200376283972e-14,1
"null",0.415810166360961,1.54511746855554,0
"null",0.502984043441704,1.17127612422604,0
"null",1.24298028546711,1.68200376283972e-14,0
"null",1.15687188847064,1.79876223332819,0
"null",0.772781278183,1.89164667316917,0
"null",1.8465064794847,0.354127214774165,0
"null",0.178084597460243,1.34757289274963,0
"null",0.0644947183009597,1.08262355682466,0
"null",0.154331937012375,1.0305920917904,0
"null",0.776012911240448,1.30046071025672,0
"null",0.738847839266271,0.523414186180897,0
"null",0.213397190264445,0.460204262884224,0
"null",0.411638785716929,1.68200376283972e-14,0
"null",1.22136122444891,0.405109205244035,0
"null",0.677561678237785,0.126390013269894,0
"null",1.65485784789828,0.722339196042246,0
"null",0.0443415053622488,1.37021226973222,0
"null",1.65474634792382,0.89596139300058,0
"null",0.618297855108774,1.68200376283972e-14,0
"null",0.396239508427359,0.36387032955357,0
"null",0.306620832272582,1.435224783504,0
"null",0.150646715561705,0.393961507165363,0
"null",1.05628836296692,0.411826716934848,0
"null",1.16774286017342,1.38966400002091,0
"null",0.112477393343493,0.422503778619265,0
"null",0.810204620018528,1.43863418097714,0
"null",0.896989449002945,0.936377690512701,0
"null",1.05647457564147,0.497113195045057,0
"null",0.101688092141638,0.673252112476966,0
"null",0.690587455229057,0.376369288441269,0
"null",0.244962988051726,3.25088143630417,0
"null",0.376748802371447,1.68200376283972e-14,0
"null",0.823993002401397,1.68200376283972e-14,0
"non-null",2.21096749496624,1.68200376283972e-14,1
"null",0.73740131555111,1.68200376283972e-14,0
"null",0.0416078041098742,0.882237450909589,0
"null",1.41074407064532,1.68200376283972e-14,0
"null",1.40252838305304,0.179699812004098,0
"null",1.522256585486,0.779400583778553,0
"non-null",2.80219004656765,1.39977852317765,1
"null",0.350170264068125,1.39994287428434,0
"null",2.03979037988164,0.230263992977571,0
"null",0.973801044831026,1.68200376283972e-14,0
"null",0.0240140407594687,1.86411090503183,0
"null",0.55243895556746,0.70354766661578,0
"null",0.572296895965398,1.68200376283972e-14,0
"null",0.566012336892721,0.922289472356264,0
"null",1.83950061054948,1.68200376283972e-14,0
"null",0.680212802412761,0.608952576485564,0
"null",0.424754569793206,1.09694128395678,0
"null",0.119048091387532,1.68200376283972e-14,0
"null",0.36000717648011,1.68200376283972e-14,0
"null",1.53828201075451,1.68200376283972e-14,0
"null",1.632773292534,1.59573259790545,0
"null",0.24331564832574,0.062870968799521,0
"null",0.946129301542045,0.864513604898437,0
"null",0.866385693407707,0.603213992913287,0
"null",0.627246296651876,0.64823158186471,0
"null",0.647059958069475,0.924561002704077,0
"null",0.357395741979437,0.496357414583925,0
"null",1.43261827402205,1.68200376283972e-14,0
"null",1.17580496404663,1.0586332031951,0
"null",0.969037410775554,0.488070772286426,0
"null",0.374335569952644,0.137650905512904,0
"null",1.28995021699914,0.0979577193479194,0
"null",0.070793313390792,1.24198982236379,0
"null",0.765446714905804,0.448901969425757,0
"null",0.268175366205672,0.971241723134745,0
"null",0.951843303939901,1.6304669512541,0
"null",1.14983184621836,1.18454998802973,0
"null",0.907970969419021,0.265051366749666,0
"null",0.939586776387459,0.556766606583909,0
"null",0.643288001836183,0.635395404941815,0
"null",0.0461669677942764,0.557704972640734,0
"null",0.295556528130007,0.790510142453703,0
"null",0.108162038368787,0.20580683061608,0
"null",1.1653459427338,0.446976796676359,0
"null",0.586763159420749,0.726732728617751,0
"null",1.96961993110616,1.68200376283972e-14,0
"null",0.893665341858626,0.40340882740694,0
"null",0.379543355105914,0.700906766363383,0
"null",0.131229767130511,0.0234880007113375,0
"null",0.219993494629627,0.829040968369127,0
"null",0.0106584650619406,0.318635797593839,0
"null",1.68000492498645,0.390301872245326,0
"non-null",2.14921690484468,0.0835851537507301,1
"null",1.12125951406915,2.04541906398413,0
"null",0.0152248131575836,0.864513604898437,0
"null",0.202505624485477,1.46162298500777,0
"null",1.42599226459142,2.4668388930476,0
"non-null",2.26857583793464,1.51427031510936,1
"null",1.43627675611665,1.68200376283972e-14,0
"null",1.77986108424508,1.68200376283972e-14,0
"null",0.0123889384323504,1.68200376283972e-14,0
"null",0.436691975249212,1.6758034488345,0
"null",0.234485370776458,1.68200376283972e-14,0
"null",0.928758369890982,1.68200376283972e-14,0
"null",1.53361371979145,1.08956314335231,0
"null",0.887137226257995,1.68200376283972e-14,0
"null",0.194117223384523,1.59444325820039,0
"null",2.02894418523459,1.68200376283972e-14,0
"null",1.75818945167134,0.0196705566101667,0
"null",1.14377995741241,0.703548366065816,0
"null",1.39752708774265,0.220963881417463,0
"non-null",2.46940113884478,1.68200376283972e-14,1
"null",0.7728089046807,1.68200376283972e-14,0
"null",0.657763111351437,1.07250451153514,0
"null",1.06768703982936,1.68200376283972e-14,0
"non-null",2.57735692340144,1.04839374778086,1
"null",1.04626753108611,0.882237450909589,0
"null",0.93940993371265,1.78918366831282,0
"null",0.0352178477187748,1.68200376283972e-14,0
"null",0.752421594974679,0.779400583778553,0
"null",1.03639908717573,1.68200376283972e-14,0
"null",0.405278236289328,0.662038468117038,0
"null",0.0604055439453468,1.07250451153514,0
"null",1.51211093322768,1.0853187918107,0
"null",0.773939827556337,0.163355699557986,0
"null",1.2894187185386,0.542933277919206,0
"non-null",2.47954348197137,1.09640303326164,1
"null",0.555468240897861,0.549215816606995,0
"null",0.0478952323009546,0.824635397089788,0
"null",0.625448265740138,1.68200376283972e-14,0
"null",1.86653316293404,0.549215816606995,0
"null",2.00934622539519,1.61552071443036,0
"null",0.546576938231776,0.244745447465602,0
"non-null",2.22022709767144,0.137297994998941,1
"null",1.17791193550627,1.56649028085212,0
"null",1.73569533444923,0.540782433872117,0
"null",1.93010831853201,0.524669861454286,0
"null",0.952074747505511,2.59741286585128,0
"null",1.22964924781307,0.341901357158043,0
"null",1.29740509676627,1.68200376283972e-14,0
"null",0.809243438653655,0.886419407316783,0
"null",0.0708326195047078,0.494922661423381,0
"null",1.29265204679661,0.691396640481731,0
"null",0.499790220820399,1.68200376283972e-14,0
"null",0.572525496881778,2.2164547365055,0
"null",0.475548153663451,0.876308119020648,0
"null",0.919408773678818,0.16351270448777,0
"null",1.47984560258118,1.59039195677079,0
"null",0.983988254930995,2.49096197095085,0
"non-null",2.43508943516478,1.87415605561923,1
"null",0.0112841394783342,1.3529491556364,0
"null",1.88488400273016,1.61209268173414,0
"null",0.085591487727043,1.68200376283972e-14,0
"null",0.0479966314050153,2.89374933338857,0
"null",0.138044399208709,0.825140938858565,0
"non-null",2.26671495228712,1.46534627036329,1
"null",0.932200331027281,0.477808969725915,0
"null",0.735842676040898,0.296898954521477,0
"null",0.363943756297433,0.635395404941815,0
"non-null",4.58323038379965,1.68200376283972e-14,1
"null",0.515103817709997,2.35159843928909,0
"null",0.652240123842612,1.03900463675943,0
"null",0.638837151632777,0.656783991529884,0
"non-null",2.60073771824838,0.297970173436401,1
"null",0.0984291444211837,0.964618111843796,0
"null",0.728521099813118,1.34767160265524,0
"null",0.706861271424959,0.135564907260034,0
"null",1.02045051061489,2.11156889825664,0
"null",0.502083168652418,0.340433442571411,0
"non-null",2.50441994471401,1.75086490906598,1
"null",1.94880870245178,1.7292795891638,0
"null",0.00222337198909878,0.787891902463648,0
"null",0.80567699945615,0.0528464088170861,0
"null",1.31150263171568,1.68200376283972e-14,0
"null",0.268032977707765,1.53682164424913,0
"null",1.55788050552784,0.311654797819485,0
"null",1.01852195308998,0.986677502211797,0
"null",1.30699535712988,1.68200376283972e-14,0
"null",0.232162789537216,0.0752862252075421,0
"null",0.603691750436513,1.45572448742446,0
"null",1.15556973913402,0.0671190908171193,0
"null",0.825293412910049,0.938592113948191,0
"non-null",2.41135772167217,0.904851073711303,1
"non-null",2.97637986480846,0.779355411978519,1
"null",0.629340604703677,0.197699085673925,0
"null",1.3179236928754,0.477198491347236,0
"null",0.956345999877668,1.1445144522498,0
"null",0.449080063659965,0.127638717532154,0
"null",0.775689983452684,1.73597777392879,0
"null",1.28374267362494,0.518829694090344,0
"null",0.702515397913227,1.01949745696929,0
"null",0.818200625044723,0.453073826203829,0
"null",0.61604579404303,0.956340984206447,0
"null",0.436748963815101,0.496230765016577,0
"null",1.00629478342058,1.1533131928801,0
"null",0.373510344935268,0.263984708486882,0
"null",1.26929211676337,1.68200376283972e-14,0
"null",0.0101037867935153,0.392309121920618,0
"null",0.456905905139893,0.609877627393261,0
"null",0.0326229977099228,1.32652521024725,0
"null",0.547511590201961,2.32644674976879,0
"null",1.17326992162653,0.654931343933908,0
"null",1.21177807149683,1.68200376283972e-14,0
"null",1.54581832866909,0.180885115702156,0
"null",0.29027942256309,1.02638621611978,0
"null",0.398351318505035,0.826228670236703,0
"null",0.40709321314511,0.417781639168882,0
"null",0.258919134970473,0.645557380011709,0
"null",0.176008914048947,2.89938953430271,0
"null",1.73293472341911,1.57251977433604,0
"null",0.43918099244072,1.1398983033362,0
"null",1.83960573596555,2.12757446539222,0
"null",0.658929721407776,0.00753406452379078,0
"non-null",2.17926563687142,0.469851080393456,1
"null",0.341023443484423,1.17872957277456,0
"null",1.56857767262321,0.942134792065079,0
"null",1.3995108121427,1.07250451153514,0
"null",1.42333171709982,1.68200376283972e-14,0
"null",0.176699446327299,1.26156396492135,0
"null",0.0705196195826968,1.68200376283972e-14,0
"null",0.279820009937683,0.03933045859571,0
"null",0.182654962043625,0.555856099554458,0
"null",0.190520006532822,1.11662474666652,0
"null",1.34639293741565,1.6822324940988,0
"null",0.78717976501046,0.930279244324899,0
"null",0.476047027230983,1.62163593419437,0
"null",0.839624279186568,1.23023694333854,0
"null",0.146414610853613,0.273851684525464,0
"null",0.230741421574382,0.678941439652495,0
"null",0.537781840910402,1.43498467189904,0
"null",1.15908549974613,1.68200376283972e-14,0
"null",1.12753885414561,1.68200376283972e-14,0
"null",0.559665639435591,0.258125711111339,0
"null",0.155402571536352,0.0459468758165118,0
"null",0.392954346074858,1.84988229490502,0
"null",0.165285569320679,1.07250451153514,0
"null",1.81328152398588,1.68200376283972e-14,0
"null",0.338030557380612,1.021669985112,0
"null",0.782745734707576,0.389641477337932,0
"null",0.20207303789063,0.699908821109897,0
"null",0.190479400264812,0.870831262924956,0
"null",1.23891662709641,0.392717431747685,0
"null",0.131997447210114,1.13263288113777,0
"null",1.22088283139189,0.11559477276937,0
"null",0.741521665493267,1.68200376283972e-14,0
"null",1.87431932920598,0.450726900584234,0
"null",0.291146243962186,1.10928052746002,0
"null",1.52786162240095,1.36670119341963,0
"null",1.68087854500771,3.35805273193093,0
"null",0.649348860235025,0.718154734941205,0
"null",1.70675358610168,0.82409883434197,0
"null",1.13047099290336,1.58541283392322,0
"null",0.242488484388587,0.857939591772185,0
"null",1.58333257930552,1.68200376283972e-14,0
"null",1.39994743551821,0.339784568447941,0
"null",0.235115853612017,0.0852543304098338,0
"null",1.00370201762492,0.124425570220139,0
"null",0.186081902695271,0.41583977856065,0
"null",1.59924956962813,1.29362558972822,0
"null",0.087117689736963,0.764607145906351,0
"null",0.390334209234251,0.239962841211373,0
"null",0.61873414959119,0.0232408745195512,0
"null",1.28580459827006,1.14488481757657,0
"non-null",2.24941094409307,0.646334999746898,1
"null",0.850400517856149,1.324593067568,0
"null",1.44516559179444,0.912140563754436,0
"null",0.877657793350887,1.59721133656667,0
"null",0.90911908957328,1.45578201811833,0
"null",0.258829097660378,1.24378641275422,0
"null",0.526946407112475,1.10402318921421,0
"null",0.760606758497693,1.76382446335552,0
"null",1.32993088085235,1.45078198860326,0
"null",0.322204123507781,1.68200376283972e-14,0
"null",0.264511523553465,1.28922623805017,0
"null",1.24547657835986,1.68200376283972e-14,0
"null",0.524699624642786,1.11234921067025,0
"null",1.76568404884446,0.16388661566758,0
"null",0.933276580301682,1.68200376283972e-14,0
"null",0.469036108871969,1.68200376283972e-14,0
"null",0.105444380080937,1.68200376283972e-14,0
"non-null",2.11645983892468,0.285326092532029,1
"null",0.510467932657127,1.06934853836762,0
"null",1.39255832353694,0.150118126575619,0
"null",0.669843761165721,1.68200376283972e-14,0
"null",1.40040197293106,0.636806618860634,0
"null",0.72001535850539,0.779400583778553,0
"null",0.126935709159309,1.68200376283972e-14,0
"null",0.924161979032316,0.16388661566758,0
"null",0.995801194550624,1.68200376283972e-14,0
"non-null",2.14278207353216,1.16660496807314,1
"non-null",2.54107583759493,1.68200376283972e-14,1
"null",0.225161369268628,0.320225396467489,0
"null",0.992368932815632,0.779400583778553,0
"null",0.443819154413123,1.68200376283972e-14,0
"null",0.28491689400821,0.635395404941815,0
"null",0.321432084441377,0.0781759475032276,0
"null",0.833737148036248,0.746560537685847,0
"non-null",2.78813553098529,0.282087786483623,1
"null",0.126238724003513,1.01530708903202,0
"null",0.96944138336756,1.49931659206554,0
"null",0.251772879016378,1.46639126240185,0
"null",1.09535842113572,0.966742167958945,0
"null",0.971511086911651,1.84756640534375,0
"null",1.01411965519954,1.17196680979755,0
"null",0.903932690598245,1.68200376283972e-14,0
"null",1.00120440599953,1.1852250763946,0
"null",0.215179668468278,0.128683510995496,0
"null",0.963775551319514,1.18621014369392,0
"null",1.10350090328235,0.996492940318265,0
"null",0.366981258329143,0.48683380960359,0
"null",1.31932367557027,0.864513604898437,0
"null",1.76097898876599,1.08178739868683,0
"null",2.07806896631144,0.656060221218984,0
"null",0.446768088091369,1.57832576302968,0
"null",1.36014251925521,0.0713346535686604,0
"null",0.172842061411653,1.7111756942217,0
"null",0.31474071081129,0.83024399756377,0
"null",0.146098789442658,0.349910402853977,0
"null",0.57204654084217,1.97843543668491,0
"null",0.878154099959672,0.422731253433982,0
"null",0.732218989104009,0.894539297110192,0
"null",0.582494192007635,1.23637654327633,0
"null",1.20039388726917,0.540015288601245,0
"null",1.15413453252352,1.68200376283972e-14,0
"null",1.43287907788284,1.17064565237252,0
"null",0.337057205816012,0.480826260173876,0
"null",0.15737726142577,1.68200376283972e-14,0
"null",0.153519761774958,1.80676462330364,0
"null",0.233870576517924,1.68200376283972e-14,0
"null",0.150797196641588,0.864513604898437,0
"null",0.718900420810552,1.68200376283972e-14,0
"null",0.865168635834771,0.744950324306953,0
"null",0.39457220630376,0.671047307021827,0
"null",1.02531509308709,1.83611582670603,0
"null",0.414121595919001,1.68200376283972e-14,0
"null",0.229357069486192,0.579791104013294,0
"null",1.76652389379234,0.558496635411049,0
"null",0.242641551336337,0.090081832093846,0
"null",0.539082162834597,0.635395404941815,0
"null",0.733397713709114,0.541953732365444,0
"null",0.138811611833476,0.105397903132972,0
"null",0.350467985343437,1.68200376283972e-14,0
"null",0.687667159318373,1.17229475850411,0
"null",0.211444772331627,0.779400583778553,0
"null",0.2270667930469,1.68200376283972e-14,0
"null",0.681651471830808,1.68200376283972e-14,0
"null",0.540813614307764,1.68200376283972e-14,0
"null",0.0761576633940057,1.0109057370526,0
"null",0.535638271384217,1.68200376283972e-14,0
"null",0.259460919780551,0.779400583778553,0
"null",0.896622195601038,0.167759466916763,0
"null",0.386635606478152,0.657442803197537,0
"null",0.490905908057283,1.68200376283972e-14,0
"null",0.355175763375303,1.68200376283972e-14,0
"null",0.0448682183999316,0.088588761883588,0
"null",0.698502350721977,0.145477163634217,0
"null",0.0127161114072917,0.389984844255855,0
"null",0.760570740126525,1.68200376283972e-14,0
"null",1.03278501191212,0.0889386425839962,0
"null",0.662644869141721,1.68200376283972e-14,0
"null",0.630836818641589,1.68200376283972e-14,0
"null",1.23990267129839,0.579791104013294,0
"null",0.952004872169675,1.63809554247587,0
"null",0.053011850495104,1.68200376283972e-14,0
"null",0.290457145027696,0.624215847501295,0
"null",0.890410444823881,1.68200376283972e-14,0
"null",0.449848528891306,1.15079446268735,0
"null",0.0638368510296346,1.68200376283972e-14,0
"null",0.0276380749490927,1.58137458623396,0
"null",1.64887336723695,0.811062023548728,0
"null",0.656542019529497,0.498375161603132,0
"null",0.726433506702141,1.86276940785004,0
"null",0.881178022287974,0.440274277654861,0
"null",0.498252438257139,1.21981654635685,0
"null",0.270349937814891,1.6020815941913,0
"null",1.11562549074382,0.978149178622725,0
"non-null",2.4706785529159,0.749203761848519,1
"null",0.420028782424423,0.852252778006523,0
"null",1.18480804125221,1.42012688511271,0
"null",1.10468099786732,3.42903308688822,0
"null",0.421089604156385,0.564640963769051,0
"null",0.285967873505516,0.635395404941815,0
"null",0.0581658280337067,1.76641906738654,0
"null",1.05435148714742,1.68200376283972e-14,0
"null",1.69598839810503,1.02553164883525,0
"null",0.95828201380178,1.68200376283972e-14,0
"null",1.4990072072134,0.897514712609263,0
"null",0.734134185226331,0.0128648504148178,0
"null",0.109507786085995,0.626705270762821,0
"null",0.116877917773669,0.699454474859546,0
"null",0.525527244223078,0.671047307021827,0
"null",0.986755740010698,0.00645117162677743,0
"null",0.421968956988053,0.316853802708531,0
"null",0.231638789052525,0.794000678350762,0
"null",0.415994030610079,0.635395404941815,0
"null",0.441482610024898,1.34893868705167,0
"null",0.0171400526203113,0.779355411978519,0
"null",0.112096488531175,0.528820234780017,0
"null",0.735024060264682,0.966742167958945,0
"null",0.208412049918969,1.68200376283972e-14,0
"null",1.78289744017154,0.848393712323035,0
"non-null",2.68559159495133,0.81997751223058,1
"null",0.0147051093360521,0.819436129796376,0
"null",0.843666852336355,1.68200376283972e-14,0
"null",1.6631387691204,1.06210137548022,0
"null",0.143316764981616,0.770781246293564,0
"null",0.968118204091285,0.243562257699482,0
"null",1.25993104084983,1.68330981421039,0
"null",0.593992584648468,1.58040480543422,0
"null",1.02767980771662,0.230582537165161,0
"null",1.46223414016529,0.264444171782033,0
"null",0.114705224451322,1.40597418411028,0
"null",1.43096570526243,0.579791104013294,0
"null",0.644215930937533,1.36021057707449,0
"null",1.7129468883552,0.11712868886321,0
"null",1.16790520602123,0.905989963323716,0
"null",0.246186898869381,0.1601072008009,0
"null",1.3256341068188,0.842072047254855,0
"null",0.2374604707372,1.68200376283972e-14,0
"null",0.814889160913046,1.27990821003395,0
"null",1.72119055302318,0.595202523292493,0
"null",1.12722765941589,0.799329070553835,0
"null",0.787520658666922,1.2004912016838,0
"null",1.43016751085326,0.894676052478727,0
"null",0.0693321007356562,0.170000854959967,0
"null",1.3197595055508,1.11910799928812,0
"null",1.59957339691309,1.04919725322612,0
"null",1.05654292674382,0.99645186150128,0
"null",0.890172166867878,0.891098278763758,0
"null",0.665668548915413,1.03382952356757,0
"null",1.51986615981761,0.387076260969471,0
"non-null",2.37095014362398,0.00272627908783867,1
"null",1.78678660367621,0.0706317030684869,0
"null",0.375346020194368,0.593282658819634,0
"null",0.284205182714254,0.454241903679965,0
"null",0.423090946246043,1.61609166653348,0
"null",1.72139620797865,1.22243000764859,0
"null",1.38310277224241,0.335691018223634,0
"non-null",2.182551066106,0.170000854959967,1
"null",1.43588291508276,1.68200376283972e-14,0
"null",0.104442207064948,0.186359124910756,0
"null",1.42418347204235,1.68200376283972e-14,0
"null",1.99367045324153,1.13916270662373,0
"null",0.516855562325371,0.70354766661578,0
"null",0.064380177732642,0.693003978119234,0
"null",2.01611797705377,0.369773142159621,0
"null",1.23873648988329,0.92878648185474,0
"null",1.38185347310533,0.51340136815003,0
"null",1.31581807643696,1.68200376283972e-14,0
"null",0.756089561514786,2.30350241447849,0
"null",1.38505478448552,0.386395394405031,0
"non-null",2.5054689379113,1.68200376283972e-14,1
"null",0.667000301338763,1.68200376283972e-14,0
"null",1.12340458828743,1.68200376283972e-14,0
"null",0.0174849733334942,0.148983517582335,0
"null",0.240472991956304,0.0661129377386349,0
"null",1.13523122339684,1.40871491296556,0
"null",0.286519840811385,1.68200376283972e-14,0
"null",0.30950012491762,1.68200376283972e-14,0
"null",0.965552544125467,1.68200376283972e-14,0
"null",0.640388855289529,1.04947955204102,0
"null",1.08446897863729,1.77658938410477,0
"null",0.543345926692461,0.0695849218068545,0
"null",0.55652623361688,1.11682099468941,0
"null",0.405897186759311,0.900117963040926,0
"null",1.94343431706205,0.182606762280678,0
"null",1.18214400595479,0.489262861247973,0
"null",0.451724550946328,0.871941056840136,0
"null",0.781195320754206,1.42017429551139,0
"null",0.629723033923992,0.441409331554905,0
"null",1.55251041404249,1.80808811941588,0
"null",1.45704606762859,0.791477393991637,0
"null",1.4819839603471,1.68200376283972e-14,0
"null",0.499220360408022,1.68200376283972e-14,0
"null",1.97396862686728,0.549215816606995,0
"null",0.0138746000881985,0.350295356882857,0
"null",1.09192131358961,0.973002615429572,0
"null",0.929967459488115,1.5980485087839,0
"null",1.07306366946402,0.946631736613158,0
"null",1.72453636374694,3.68271536814523,0
"null",0.284417456834525,0.731678928042253,0
"null",0.716718929320172,1.68200376283972e-14,0
"null",1.19751672781671,1.01520035490489,0
"null",0.215840547998342,2.74513874339213,0
"null",0.434548715439145,0.790210993314213,0
"null",1.45538867504139,1.68200376283972e-14,0
"non-null",2.5580155994026,1.68200376283972e-14,1
"null",0.00982869170761532,1.16287572608993,0
"null",0.581152263948962,0.671047307021827,0
"null",0.783511480310852,0.365895717848163,0
"null",1.83379699137049,1.68200376283972e-14,0
"null",0.442560693684622,1.68200376283972e-14,0
"null",0.432392850318645,1.68200376283972e-14,0
"null",1.34742352884998,1.68200376283972e-14,0
"null",0.563921309403647,1.68200376283972e-14,0
"null",0.454975072482178,1.68200376283972e-14,0
"null",1.13220977458241,1.68200376283972e-14,0
"null",1.9014649968046,1.68200376283972e-14,0
"null",0.193657301309863,0.822516204215967,0
"null",0.423954355689461,1.68200376283972e-14,0
"null",0.0742100305149045,1.68200376283972e-14,0
"null",0.899056857559361,0.160940215586136,0
"null",0.624984100234967,0.787640938868704,0
"null",0.789155077569689,1.68200376283972e-14,0
"null",1.12196390758711,1.68200376283972e-14,0
"null",1.44431029854398,1.02015443101365,0
"null",0.266785346121007,1.68200376283972e-14,0
"null",0.265218419032467,1.68200376283972e-14,0
"null",0.174214204037102,1.68200376283972e-14,0
"null",0.026756311844214,0.671047307021827,0
"null",1.46059510098937,1.68200376283972e-14,0
"null",0.842179375935763,0.528820234780017,0
"null",1.87426429706217,0.48683380960359,0
"null",1.59885848195585,1.50065424570874,0
"null",0.896845515262226,0.807786164088762,0
"null",0.395536720164134,1.68200376283972e-14,0
"null",0.676977543031966,0.878326093708058,0
"null",0.941499608647521,1.56258531174451,0
"null",0.35440426962535,0.671047307021827,0
"null",0.754969274682208,1.68200376283972e-14,0
"null",1.11564478871785,0.862308064809071,0
"null",0.731542475084138,1.68200376283972e-14,0
"null",0.436537657065519,1.68200376283972e-14,0
"null",0.356615877721879,1.68200376283972e-14,0
"null",1.12013303985619,0.635395404941815,0
"null",1.97750234960376,1.68200376283972e-14,0
"null",1.01020211911463,1.68200376283972e-14,0
"null",0.0938615219285204,1.68200376283972e-14,0
"null",0.118649902941732,0.320926200257879,0
"null",0.591100410884022,0.881560276092747,0
"null",0.179066383861371,1.64755473426828,0
"null",0.566059120118293,1.43788352619149,0
"null",1.04626051480925,0.675577220318048,0
"null",0.168182061376845,1.42060846128336,0
"null",0.115836717504236,0.056871353543138,0
"null",0.000579307580164679,0.353862367906172,0
"null",0.801466760347945,1.68200376283972e-14,0
"null",0.210021128063971,0.625323897424999,0
"null",1.77027789914372,0.549215816606995,0
"null",1.33739637914923,0.579791104013294,0
"null",0.435490048950627,1.68200376283972e-14,0
"null",1.17942512931528,0.722901565697056,0
"null",0.180768146494179,0.671047307021827,0
"null",1.60382590541286,0.838074489526218,0
"null",1.81513191454955,1.68200376283972e-14,0
"null",0.141294703395683,1.68200376283972e-14,0
"null",0.810733732640206,1.68200376283972e-14,0
"null",0.0549777636313045,1.68200376283972e-14,0
"null",0.973330499522991,0.671047307021827,0
"null",0.525935234198875,1.68200376283972e-14,0
"null",1.59293908453757,1.35300583456345,0
"null",1.23084443081962,1.68200376283972e-14,0
"null",0.207569714850131,1.68200376283972e-14,0
"null",0.173204157151134,1.68200376283972e-14,0
"null",0.250039616167215,0.635395404941815,0
"null",0.55800018915729,0.764607145906351,0
"null",1.30978679427354,0.48683380960359,0
"null",1.29386043076905,1.11739499112824,0
"null",1.87840526980052,1.68200376283972e-14,0
"null",1.4041309664081,0.635395404941815,0
"null",0.737793883613745,0.876308119020648,0
"null",0.0263507080686189,1.68200376283972e-14,0
"null",0.141587113666741,0.185261133575983,0
"null",0.219483031493901,1.4915075306664,0
"null",0.523687242985391,0.653371651276748,0
"null",1.41743240294197,0.256962262336959,0
"null",0.209552501679019,1.68200376283972e-14,0
"null",1.82841422404774,0.671047307021827,0
"null",1.41886494434119,2.10477752609315,0
"null",0.206483620590192,0.0285378366855275,0
"null",0.223939503836634,1.16093655406902,0
"null",1.19521444333712,0.897514712609263,0
"null",1.07741747757459,0.635395404941815,0
"null",0.10891312229096,0.779400583778553,0
"null",0.401052706476408,0.170000854959967,0
"null",1.07500436891997,0.418719099587864,0
"null",1.25121574902471,0.252373806891276,0
"null",1.92394945208997,0.703878974616635,0
"null",0.570623145507472,1.51789697034489,0
"null",1.18936829322894,0.238129375292824,0
"null",0.781609352166589,0.289839554559921,0
"null",0.164599124622911,0.416002529350648,0
"null",1.39512858741966,1.98422239119411,0
"null",1.00590233268908,1.68200376283972e-14,0
"non-null",2.10710021623794,0.513983999234721,1
"null",1.9980148482995,1.18407005071439,0
"null",1.54564508522741,0.363661660440074,0
"null",1.18058523549527,0.983377054897429,0
"null",1.43853793014135,0.577804240611286,0
"null",0.448049505309946,0.635395404941815,0
"null",0.57501425904992,1.68200376283972e-14,0
"null",0.905216181175595,1.33073997798257,0
"null",0.730814630606358,1.06844067476973,0
"null",0.00137466404854108,1.68200376283972e-14,0
"null",1.28855955480544,0.607407969694672,0
"null",0.106458967226866,1.68200376283972e-14,0
"null",0.782958707316885,0.485149481798241,0
"null",0.430113759638953,1.68200376283972e-14,0
"null",1.75334491518708,1.68200376283972e-14,0
"null",0.0625390011215087,0.549215816606995,0
"null",0.765713091390059,1.68200376283972e-14,0
"null",0.137449601282123,1.68200376283972e-14,0
"null",0.410375111007541,1.68200376283972e-14,0
"null",0.0446124336889581,1.68200376283972e-14,0
"null",1.40238507790871,1.68200376283972e-14,0
"null",0.823271488607289,1.68200376283972e-14,0
"null",0.153569035583215,1.15079446268735,0
"non-null",2.58219911166212,1.68200376283972e-14,1
"non-null",2.27748869889762,1.68200376283972e-14,1
"null",0.384898652967637,1.7630580815014,0
"null",0.677768958383913,1.68200376283972e-14,0
"null",0.106751927984808,0.880696260900598,0
"null",0.341280270544771,1.68200376283972e-14,0
"null",1.2470671481453,0.549215816606995,0
"null",0.95617453592094,0.864513604898437,0
"null",0.444943898188305,1.15214894388718,0
"null",0.402056203275981,0.52450011891804,0
"null",0.412721008345106,1.68200376283972e-14,0
"null",0.134007987846321,1.3010368489923,0
"null",0.609567491248649,0.0786044567939273,0
"null",0.0204271851521263,1.68200376283972e-14,0
"null",0.125726685919171,1.68200376283972e-14,0
"null",0.166305830974181,1.68200376283972e-14,0
"null",0.186670081303797,0.779400583778553,0
"null",1.20943858062947,1.68200376283972e-14,0
"null",0.797200623352418,0.579791104013294,0
"null",0.913312935693625,1.27879069725746,0
"null",0.996197504565223,0.548976050496915,0
"null",1.65823683142323,0.416272675372729,0
"null",1.81758583543057,2.0184332159859,0
"non-null",2.31446834680457,0.779400583778553,1
"null",0.80346610729899,1.50172946677308,0
"null",0.0668835150798119,0.905933297351,0
"null",0.138802341580832,0.635395404941815,0
"null",0.412537398336394,0.971911471677746,0
"null",1.02699513749058,0.748740963048784,0
"null",1.68929349203859,0.078698354530518,0
"null",0.619772788095478,0.535162635679851,0
"null",0.0526142008325605,1.2828057008264,0
"null",0.150679478677253,1.68200376283972e-14,0
"null",0.917896798970659,1.71093151533347,0
"null",0.515435507667547,0.788554219562738,0
"null",0.331896774122578,0.0644095684076292,0
"null",0.425605785062732,0.150899242919452,0
"null",0.800914280583654,1.68200376283972e-14,0
"null",0.769272529576679,1.68200376283972e-14,0
"null",1.36264809869584,0.485149481798241,0
"null",0.82250037112904,1.68200376283972e-14,0
"null",1.16065268258456,1.68200376283972e-14,0
"null",0.464139703977461,1.68200376283972e-14,0
"null",0.322506046320811,1.68200376283972e-14,0
"null",1.13556081530633,1.68200376283972e-14,0
"null",0.0690250679968741,0.799238131039022,0
"null",1.5316496241376,1.29972551283238,0
"non-null",2.24235913176533,1.68200376283972e-14,1
"null",0.586116412128522,0.649293340135068,0
"null",1.55947164584805,1.68200376283972e-14,0
"null",0.953121625575009,1.68200376283972e-14,0
"null",0.466207550491554,1.68200376283972e-14,0
"null",0.692996420267899,1.68200376283972e-14,0
"null",0.446604267380107,1.20889116293413,0
"non-null",2.64910957494452,0.833395993976665,1
"null",2.02491815118441,0.752116596919435,0
"null",0.0246212433807981,1.68200376283972e-14,0
"non-null",2.40441082915815,1.68200376283972e-14,1
"null",0.188201216544156,1.68200376283972e-14,0
"null",1.95394817671536,0.200698797518055,0
"null",0.469953189792795,0.657730512961663,0
"non-null",2.96446631416807,0.657730512961663,1
"null",1.95437256491842,1.68200376283972e-14,0
"non-null",2.23540840653373,2.89915392560334,1
"null",0.980855331934211,0.255145146155072,0
"null",0.453317640871582,1.68200376283972e-14,0
"null",0.740116174053424,0.671047307021827,0
"null",0.708289358008617,0.383586177924988,0
"null",0.631648867740799,1.68200376283972e-14,0
"null",0.121648737478072,0.408510128178171,0
"null",0.411209161931194,0.841818758822767,0
"null",0.589887351181561,0.220374252423962,0
"null",0.992341753403246,1.68200376283972e-14,0
"null",0.520077233301888,0.578008561331959,0
"null",0.835109044758757,1.38538480912383,0
"null",0.724343531636831,1.68200376283972e-14,0
"non-null",2.78173428215395,0.518879217816102,1
"null",1.0342710116775,0.000790462373367024,0
"null",0.531657582980975,0.693851560139739,0
"null",1.1925877192346,1.57269769642981,0
"null",1.90036605852907,0.090203344009729,0
"null",0.209516648099306,0.859444905039644,0
"null",1.46030261183284,0.505411193571483,0
"null",1.38688401427174,0.917502716795719,0
"null",1.05526065784159,0.162588072576531,0
"null",0.0619305015334795,0.876308119020648,0
"null",0.25376671446989,1.66833040727888,0
"null",0.49667280187152,1.68200376283972e-14,0
"null",0.0270157944582156,1.68200376283972e-14,0
"null",1.06269331332738,1.68200376283972e-14,0
"null",0.778941929713237,1.68200376283972e-14,0
"null",1.97233180893641,0.171328241830515,0
"null",0.874652122199333,1.68200376283972e-14,0
"null",0.496103293763021,1.82556228765658,0
"null",0.475521662675053,0.215756459758377,0
"null",0.70469239855273,0.942134792065079,0
"non-null",2.27784235248825,0.549215816606995,1
"null",0.0502723675647467,0.846284254032987,0
"null",0.456265946031324,0.838074489526218,0
"null",1.79475878224014,1.68200376283972e-14,0
"null",0.374752503478242,1.68200376283972e-14,0
"null",0.563610451160207,1.50528237514268,0
"null",0.0290460324655497,0.969935446455179,0
"null",0.422042257801879,0.846337764272813,0
"null",1.52968700411491,0.978918309187249,0
"null",0.526646341316747,0.157813093448891,0
"null",1.26711023145696,1.68200376283972e-14,0
"null",0.327355831034222,1.68200376283972e-14,0
"null",0.204192361623638,1.68317214710135,0
"null",0.0666581099927062,0.657730512961663,0
"null",0.516588720556726,1.28769689194535,0
"null",1.04805580394689,0.328513895761758,0
"null",0.163395982913336,0.166457623263379,0
"null",0.520618997190677,0.540920869505291,0
"null",0.095794413775685,0.157850355546376,0
"null",0.331849153300633,0.92878648185474,0
"null",0.832881067510714,0.257087274309967,0
"null",0.149163393978192,0.819436129796376,0
"null",0.213609677290016,0.283268072768184,0
"null",1.33981986512866,1.68200376283972e-14,0
"null",1.74940398534,1.68200376283972e-14,0
"null",0.870878666622361,0.635395404941815,0
"null",0.713086898032376,2.24148196455925,0
"null",0.270592954249321,1.85679085438375,0
"null",0.349273763710013,0.398301281805631,0
"null",0.164684880235335,0.780294498620573,0
"null",0.124306620314532,1.03599456814985,0
"non-null",2.83952838217468,0.682458849225036,1
"null",0.329628468026979,1.68200376283972e-14,0
"null",1.75903739935194,1.40778636104796,0
"null",0.175841260376647,0.0121873627222783,0
"null",1.83453545425175,0.237427349130782,0
"null",1.17979937497953,2.13478731630064,0
"null",0.908051044891333,1.68200376283972e-14,0
"null",1.75867909568473,0.635395404941815,0
"null",1.7317356353649,1.68200376283972e-14,0
"null",0.0366479704744916,1.04648309725899,0
"null",0.128397317725065,1.68200376283972e-14,0
"null",0.680072801070571,0.579791104013294,0
"null",0.665957802094682,1.68200376283972e-14,0
"null",0.356080152996318,0.635395404941815,0
"null",1.901465086725,0.502453600029122,0
"null",0.0654382420040831,1.40412048101386,0
"null",0.672655414560396,1.68200376283972e-14,0
"null",0.179223301673053,0.450491759980995,0
"null",0.170387927738843,0.864513604898437,0
"null",1.74875775592863,0.635395404941815,0
"null",0.31111988215692,1.68200376283972e-14,0
"null",0.185062081953083,1.68200376283972e-14,0
"null",1.80739934508932,1.68200376283972e-14,0
"null",0.196068421895181,1.68200376283972e-14,0
"null",0.543899444074325,1.68200376283972e-14,0
"null",1.42307367061791,1.89519926311,0
"null",0.542437340324656,1.04197585404445,0
"non-null",2.37047941461387,1.68200376283972e-14,1
"null",0.324899472599599,0.635395404941815,0
"null",1.22172165760435,2.69247031241371,0
"null",0.2693437514455,0.922289472356264,0
"null",1.79362177518713,1.68200376283972e-14,0
"null",0.996062882843261,1.29854835189544,0
"null",0.12767636215638,2.04633030865109,0
"non-null",2.08773488271229,1.68200376283972e-14,1
"null",0.849250124628394,1.68200376283972e-14,0
"null",1.14621939246948,1.68200376283972e-14,0
"null",0.843468279310526,1.68200376283972e-14,0
"non-null",2.25445712157424,1.68200376283972e-14,1
"non-null",2.42713513431503,1.3257966869515,1
"null",0.211223271938217,1.10335186830384,0
"null",2.05040269611146,1.27539669531251,0
"null",0.56832432736883,1.11423153465739,0
"null",1.74667485285235,0.635395404941815,0
"null",0.0730028971949648,0.812054594233909,0
"null",0.170637242831595,0.816645148366976,0
"null",1.77616579536755,1.69295203084521,0
"null",0.763351976173882,0.437203026292156,0
"null",1.10270689355196,0.26361470612291,0
"non-null",3.13349585401055,1.22492716866605,1
"null",0.547115787047017,1.89934778557715,0
"null",0.199193911967872,0.491922469295378,0
"null",0.123464557031554,1.09742582133041,0
"null",0.962306920296185,1.68200376283972e-14,0
"null",0.476200561770023,1.68200376283972e-14,0
"null",2.00353907687091,1.68200376283972e-14,0
"non-null",2.11617990311237,1.68200376283972e-14,1
"null",0.147696267610722,1.68200376283972e-14,0
"null",0.0543389113659928,1.68200376283972e-14,0
"null",0.390982882566854,0.80850094327155,0
"null",0.0269525459988328,1.68200376283972e-14,0
"null",1.26894790419073,0.635395404941815,0
"null",0.770883527840618,1.68200376283972e-14,0
"null",0.0956078752874103,1.68200376283972e-14,0
"null",1.15153095833126,0.635395404941815,0
"null",1.36762094550181,1.51241075266694,0
"null",0.394102971250485,0.649065112728847,0
"null",0.545766151958837,1.68200376283972e-14,0
"null",0.935803990411052,0.414014800333241,0
"null",1.02181311462677,0.579791104013294,0
"null",0.613095839556397,1.68200376283972e-14,0
"null",0.912815169133013,1.68200376283972e-14,0
"null",1.56473466037437,1.68200376283972e-14,0
"null",0.267646679024688,0.578542117524556,0
"null",0.941766640275675,0.690129252684629,0
"null",1.22635311694362,1.18732790622727,0
"null",0.0519069645326988,0.893621179493265,0
"null",1.5499677132512,1.15727333575081,0
"null",1.8063396773586,0.336334644542661,0
"null",1.85274468773547,0.677692128864585,0
"null",0.504781833882426,0.0917595819141496,0
"null",0.183735901611997,1.68200376283972e-14,0
"null",0.0737333365015793,1.40009781163798,0
"non-null",2.4538646835127,0.657730512961663,1
"null",0.206487296567131,1.68200376283972e-14,0
"null",0.417964800790215,1.68200376283972e-14,0
"null",1.55750456962227,0.549215816606995,0
"null",0.316499380073026,1.20247945559503,0
"null",0.781530278014473,0.729193601730421,0
"null",0.794812468015352,1.50837060581673,0
"null",0.203242692198729,0.512517164618241,0
"null",1.26748871502653,1.10408446758519,0
"null",2.03366757907958,0.144465402117683,0
"null",0.567210751651741,1.68200376283972e-14,0
"null",1.46311190238128,1.68200376283972e-14,0
"null",2.06347139368891,0.139927252391916,0
"null",1.72083014793837,0.779400583778553,0
"null",0.0848376207322584,0.635395404941815,0
"null",0.470420590761285,1.17505873196475,0
"null",0.529552329458639,1.68200376283972e-14,0
"null",0.0402203323061277,1.60645182162607,0
"non-null",2.97867412509242,1.68200376283972e-14,1
"null",0.390881395618545,1.68200376283972e-14,0
"null",1.26752865816934,0.528820234780017,0
"null",0.513285592933441,0.528820234780017,0
"null",1.87611031676751,1.68200376283972e-14,0
"null",0.823341204351463,1.68200376283972e-14,0
"null",0.499163748367388,0.622419448851432,0
"null",1.90874913208888,1.68200376283972e-14,0
"null",0.32468145500332,1.56984563716576,0
"null",0.0333946480315235,1.68200376283972e-14,0
"null",0.279794251403962,2.94319579374162,0
"null",0.840180807866274,1.68200376283972e-14,0
"null",0.454939499174071,1.68200376283972e-14,0
"null",0.0522995779453891,1.54337092950757,0
"non-null",2.41045069840286,1.68200376283972e-14,1
"null",0.0400569359616081,1.17250225854072,0
"null",0.736796207362166,0.474092562967897,0
"null",1.01237433330002,0.579791104013294,0
"null",0.750651215737017,0.201853696112306,0
"null",0.159224367888981,0.901520969837502,0
"null",0.692690037118487,0.328837776223293,0
"null",0.983065446416233,0.648869570817257,0
"null",0.546526323419677,1.55465383557228,0
"non-null",3.87703774387319,0.964381557133277,1
"null",0.597188398925444,1.2275078867753,0
"non-null",2.57114014070318,0.672003830562564,1
"null",0.0253807373668864,0.0259351104679435,0
"non-null",3.37810156769547,1.68200376283972e-14,1
"null",1.56603708300774,1.34234601216441,0
"null",0.229730460503317,0.749144425692029,0
"null",0.343775841614977,1.68200376283972e-14,0
"null",0.939088750150089,1.33180327544997,0
"null",0.651415430268317,0.584162003598068,0
"null",1.24141866874796,1.68200376283972e-14,0
"null",0.295664032510913,0.996360016486258,0
"null",0.624777532655314,0.773134106546159,0
"null",1.50416516568699,0.82401874156138,0
"null",0.758350795662588,0.61534223106024,0
"null",0.250752735810847,0.542351120103983,0
"null",0.89521065739879,1.43225795821074,0
"null",0.283659066910594,1.85403498689848,0
"null",0.498503922714043,0.456463814623929,0
"null",0.747129691603256,1.18209539106359,0
"null",0.479149026706865,0.671047307021827,0
"null",0.463305925513191,0.480166423693018,0
"null",1.04867309703989,1.68200376283972e-14,0
"null",0.634251338074065,1.68200376283972e-14,0
"null",0.499864023255788,1.68200376283972e-14,0
"null",0.345559539445425,1.13831617555609,0
"non-null",2.08875758031708,0.653215192632439,1
"null",1.29266955349701,1.01905446147843,0
"null",1.58348319279711,0.50301912590653,0
"null",1.83585718773242,1.68200376283972e-14,0
"null",1.08222089348225,0.393795626968216,0
"null",0.535096337278952,0.635395404941815,0
"null",0.704051338389853,0.811646714986746,0
"null",0.461963161156281,1.29999764534198,0
"null",0.299299273814271,0.474092562967897,0
"null",0.77821707243215,0.583411195560416,0
"null",2.01929908685373,0.579791104013294,0
"null",0.168479303966075,0.613870344225836,0
"null",0.550948657411519,1.68200376283972e-14,0
"null",0.765379295412046,1.68200376283972e-14,0
"non-null",2.61382709260363,0.0548301938628222,1
"null",0.873522658818253,0.248038715074499,0
"non-null",2.16991453834554,0.827540831557798,1
"null",1.23263673099461,0.770839182075329,0
"null",0.609411907805994,1.1317449280834,0
"non-null",2.38158066693303,0.525850297791467,1
"null",0.461792078742935,0.272470087983431,0
"null",1.88259456297865,0.64750388621961,0
"null",0.350426839555453,1.40613343017449,0
"null",0.818533730546527,0.399565579982459,0
"null",0.12186913778063,0.766127228333115,0
"null",0.0554896783958675,0.553880505097407,0
"null",0.960140840987494,0.671047307021827,0
"null",1.04723488050587,0.185183259582415,0
"null",0.91340566628056,1.23184778771619,0
"null",1.09594878035365,0.826900045018074,0
"null",0.639757057739099,0.35117728357814,0
"null",0.907686366156758,0.822556007951155,0
"null",1.30980938151469,0.610781831358827,0
"null",0.683970641995418,1.03741709974917,0
"non-null",2.34586776921856,1.05839090064397,1
"null",0.720647175950137,1.56117948953819,0
"null",1.8859428583385,0.12963479252947,0
"null",1.91728293885981,0.995232619945078,0
"null",0.723678680748261,0.953702948473788,0
"null",0.396155593078754,0.0842550462079821,0
"non-null",2.98884035461901,1.68200376283972e-14,1
"null",1.9272578642454,1.22270912400253,0
"null",2.03037964784455,1.03900463675943,0
"null",1.82861244138109,1.11234921067025,0
"null",0.782489791854423,0.190438024733142,0
"null",0.465995967592772,1.68200376283972e-14,0
"null",0.92694862082283,0.760928864265473,0
"null",0.0992938136372318,1.49588032470732,0
"null",0.0163805796915679,1.39651084055298,0
"null",0.103006735545699,0.555659233980111,0
"null",0.044117346534899,2.16470143983374,0
"null",2.04634434464897,0.383516362586487,0
"non-null",2.23864739859265,0.361265271462115,1
"null",0.204118507935104,2.44878945435636,0
"null",1.78506183651878,1.68200376283972e-14,0
"null",0.409388802127302,0.063881135885747,0
"null",1.78435568050937,1.21428736388448,0
"null",0.586353817552309,1.40303510602257,0
"null",0.684790956962062,0.354118934587295,0
"null",0.976680736155078,1.7524599292456,0
"null",0.105730845993665,1.49484636503172,0
"null",0.230695469612875,1.04842462220252,0
"null",0.704187288094276,0.164813172142978,0
"null",2.0272927661045,0.887410602957301,0
"null",1.46758660597413,1.49179142153691,0
"null",1.4918742481758,0.0889362153444106,0
"null",1.40863631243688,0.259901436086796,0
"null",1.79342165973516,0.628540367081402,0
"null",1.48712927588111,1.21169593617342,0
"null",0.195033796808523,0.0863422104494489,0
"null",1.48281264277211,0.0247375382395584,0
"non-null",2.13566408875603,1.31013046064326,1
"null",0.917915829863115,1.16714866931404,0
"null",1.30735159728122,1.42294173644056,0
"null",1.05524929220537,0.81207085950426,0
"null",0.940478702712446,1.3575967860217,0
"null",1.07206159235917,0.635395404941815,0
"null",1.41506628785339,0.448042579521484,0
"null",0.97975496496867,1.37754927473772,0
"null",0.316584281325178,1.68200376283972e-14,0
"null",1.11447073559111,1.87410249530692,0
"null",1.42445528687718,1.68200376283972e-14,0
"null",0.293793694179075,0.260897395094946,0
"null",0.13439134622046,1.68200376283972e-14,0
"null",0.882267664798009,0.897514712609263,0
"null",0.608693109828371,1.68200376283972e-14,0
"null",0.652415401100189,1.68200376283972e-14,0
"null",1.08005685808853,0.579791104013294,0
"null",0.674475668873799,1.68200376283972e-14,0
"null",0.916922000509172,0.827330997568736,0
"null",0.0531761249168819,0.699908821109897,0
"null",0.389653915632642,0.921613422301268,0
"null",0.721030543261748,0.579791104013294,0
"null",0.158977541106735,4.40887636822323,0
"null",0.823236554830838,1.68200376283972e-14,0
"null",0.729161033522034,1.68200376283972e-14,0
"null",1.00694748264739,0.764607145906351,0
"null",1.74594894756461,1.68200376283972e-14,0
"null",1.87512467921168,1.68200376283972e-14,0
"non-null",3.26663023951095,0.625323897424999,1
"null",0.436842676898705,0.579791104013294,0
"null",0.782494174017911,1.68200376283972e-14,0
"null",0.792135856964979,2.04535064356845,0
"null",1.01185109788515,1.68200376283972e-14,0
"null",0.320450111487661,1.24337457510255,0
"null",0.605982200711943,0.68312484506533,0
"null",1.555106109099,1.22502508607094,0
"null",1.38676707586257,0.410897500518968,0
"null",0.554153397882853,1.62786042760884,0
"null",0.863361975856455,0.250001846054874,0
"null",1.46940820662847,0.579791104013294,0
"null",0.84050928199738,2.21753463146616,0
"null",1.53875470089733,0.764663349422061,0
"null",0.38261782428062,0.819436129796376,0
"null",0.47674767781906,0.170993772834881,0
"null",0.751932221837074,0.894646894006787,0
"null",1.21955940295958,0.148856686306139,0
"null",0.407414998390775,0.69214858842931,0
"non-null",2.16431386857992,1.93391348849013,1
"null",0.122872305439862,0.465182387310499,0
"null",0.212462628621411,0.15766075080784,0
"null",0.894093427359063,0.394231994880176,0
"null",1.48596659526256,0.343388570122471,0
"null",0.389929657189886,0.671047307021827,0
"null",1.3718078878975,0.849794941655392,0
"non-null",4.0736220257843,1.68200376283972e-14,1
"null",0.5645905617424,0.485149481798241,0
"null",0.509877906584876,1.68200376283972e-14,0
"null",0.560404613704615,1.68200376283972e-14,0
"non-null",3.47082375141706,0.635339204614944,1
"null",0.497558068037146,0.207022688771889,0
"null",0.361162634722545,1.18700592410575,0
"null",0.359545469058112,1.84290734586456,0
"null",0.939201239094892,1.23520040634633,0
"null",1.08716967548786,1.68200376283972e-14,0
"null",0.0689419496201925,1.39666166496319,0
"null",0.784850719780786,0.299758341007956,0
"null",1.6703343061153,1.05217231359213,0
"null",0.399018743424171,0.897514712609263,0
"non-null",3.23241952129911,1.68200376283972e-14,1
"non-null",3.25373575145222,0.244727770994273,1
"non-null",2.58726992964012,0.807786164088762,1
"null",0.579907058666071,1.00335525559717,0
"null",0.345633920120482,0.200340181269579,0
"null",1.22270989369471,0.392087237982497,0
"null",1.14820496339976,1.05325809743153,0
"null",0.342802601009629,0.986176280493574,0
"null",0.252532531423733,1.07196901536947,0
"null",1.27400258544289,0.561073956181057,0
"null",0.0287490974195077,0.346900307878786,0
"null",0.861962204360545,2.0761323686946,0
"null",0.178468881522463,2.01626436554902,0
"null",2.02077688077898,1.68200376283972e-14,0
"null",0.586001924001724,0.51442738293719,0
"null",1.15326022535066,0.944602941538624,0
"null",0.567143805564061,1.68200376283972e-14,0
"null",0.471457309063196,0.340053883737224,0
"null",0.551225353834038,1.43528538633563,0
"null",1.93433686100798,1.16207353635225,0
"null",0.482209538418355,0.149157340006955,0
"null",0.0689692005378725,1.08187674440074,0
"null",1.56444510237352,0.676133608352916,0
"null",0.941910183659763,0.884857711844792,0
"null",0.802221586569178,2.29512705653563,0
"null",1.41598734898906,0.826416785757969,0
"null",0.294954558749218,0.625701019080079,0
"non-null",2.62058388612528,0.626705270762821,1
"null",0.85955587416345,1.060122854947,0
"null",1.32112427055732,1.68200376283972e-14,0
"null",0.694189195843335,0.764607145906351,0
"non-null",2.61434695804647,0.113453820044771,1
"null",0.660292503521947,1.37498411218313,0
"non-null",3.77684952279092,2.76329591230002,1
"null",0.52748600774198,0.699908821109897,0
"null",1.73319932071549,0.913741939530868,0
"null",0.883323191610206,1.51305553871131,0
"null",0.554581154519595,0.151707497199395,0
"null",0.207364615411329,2.62701445152595,0
"null",0.427597953848344,0.392198849758153,0
"null",0.188702011936055,1.30487508342701,0
"null",0.588164171986974,1.70546237070587,0
"non-null",2.28022338625939,0.871865074984437,1
"null",1.31510573237821,0.596356223919042,0
"null",0.225335706997396,1.68200376283972e-14,0
"null",0.24845480928008,0.875561554734173,0
"null",1.45905226283365,0.63585971721137,0
"null",0.377959054771185,0.35990258029582,0
"null",0.0550863522616675,1.3582603603468,0
"null",1.16598455318036,0.250902585374698,0
"null",1.31862576612764,0.71923233670989,0
"null",0.155208359178651,0.243178608040838,0
"null",0.0116450207619903,1.24377112707432,0
"null",1.23842763561827,1.44698667954714,0
"null",0.0279381102954191,0.206639098928654,0
"null",0.550292421212977,0.86459850901902,0
"null",0.864316719826976,1.060122854947,0
"null",0.0770874970850345,1.33391415304375,0
"null",0.383901193469236,0.804267742059033,0
"null",0.265615253829245,0.571797505580996,0
"non-null",2.12596167644021,1.26944101988336,1
"non-null",3.43014287479218,0.870268144590219,1
"null",0.489801465286217,0.746025428872262,0
"null",0.328857839743193,0.556309825029009,0
"null",1.60065941927706,0.299938580379522,0
"null",0.635822426115073,0.697815903556483,0
"null",1.8162972742541,0.635395404941815,0
"null",1.82982150474865,1.68200376283972e-14,0
"null",0.909996004798023,0.95536019728005,0
"null",0.72551748239056,0.528820234780017,0
"null",0.789316379035527,0.388825071991784,0
"null",0.54391145054843,0.324617333221452,0
"null",0.345609217157537,1.18147588636087,0
"null",0.518734274581763,0.265901033586107,0
"null",0.415523223009468,0.0207186108814249,0
"null",0.239272556265903,2.71856490895504,0
"null",0.263821348829959,0.104217819694282,0
"null",1.98301729286467,2.17820746710063,0
"null",0.145052695509477,0.0587565873565634,0
"null",1.12681113076834,0.969953830007575,0
"null",0.217664174375275,1.00325967051676,0
"non-null",3.35509362722664,1.68200376283972e-14,1
"null",1.04029737328865,1.069952741906,0
"null",0.899823128344359,0.48323273878241,0
"null",0.467509845282551,0.643270084588241,0
"null",0.468038652700311,0.80729850383933,0
"non-null",2.46810624856055,0.29673243506311,1
"null",0.373446271466085,1.89766183054185,0
"null",1.43640406479701,1.92786341108359,0
"null",0.78095339915391,1.82918703986637,0
"null",1.52533967787782,1.25853318931545,0
"null",1.20480617903189,0.696621646114962,0
"non-null",2.35386811360715,0.620543516132938,1
"null",0.93363468309283,1.31468733109125,0
"non-null",2.72725195859819,1.45657647632259,1
"non-null",2.42299874692517,1.73307892651758,1
"null",0.343841044193347,0.15151198868584,0
"null",0.508111313655104,2.74131362389546,0
"non-null",2.1426253770313,3.86342157129354,1
"null",0.917978120333992,0.56003373204026,0
"null",1.2900720591535,1.34201317747736,0
"null",0.602265602053016,0.235470809841059,0
"null",0.167017337677392,0.622020129075053,0
"null",0.91329746453801,1.78524294353671,0
"null",0.0288473606582548,0.564047235547995,0
"null",1.78978474764201,0.864513604898437,0
"null",0.775671159759982,1.68200376283972e-14,0
"null",1.91031950060359,0.552346726079291,0
"null",0.546950347708171,0.570034165218561,0
"null",0.184665251547364,0.762955940100347,0
"null",1.32381961605288,1.63256132493175,0
"null",1.27620102084128,0.680824633797512,0
"null",1.16981889000014,1.92660636435403,0
"null",1.63127439425087,0.166337095722155,0
"null",0.181945466851453,0.27742790628504,0
"null",1.176188198873,0.920478693140389,0
"null",0.776418061080692,0.890018094417728,0
"null",0.963957064589455,1.22403689210411,0
"null",1.98090708028187,1.68200376283972e-14,0
"null",0.893677340859618,0.70354766661578,0
"null",0.468871558911497,1.68200376283972e-14,0
"null",1.54962383114728,0.822151334262725,0
"null",0.625952062270907,0.26942727150471,0
"null",1.19322547246993,1.26702013049661,0
"null",0.510830468494565,0.635395404941815,0
"null",1.31300333175352,1.68200376283972e-14,0
"null",0.901483817260682,1.68200376283972e-14,0
"null",1.01661681645088,0.532724041980426,0
"null",0.160072026872607,1.79390007439922,0
"null",1.12802304645075,0.0302817983363363,0
"null",1.45832771000248,0.647131668117676,0
"null",0.238665236543913,1.41407977763095,0
"null",0.371695002372538,0.125157118029012,0
"null",0.641147930216856,0.48197807116051,0
"non-null",2.10442574006949,0.778847621563436,1
"null",0.59850149667406,0.134433293051774,0
"null",0.114270701650017,1.45126082510451,0
"null",0.0562227586937984,1.09389581577797,0
"null",1.03553521431712,0.635395404941815,0
"null",1.63644211493053,1.68200376283972e-14,0
"null",1.20329618321836,0.590283510874604,0
"null",0.301786278728679,0.329201472934274,0
"null",0.25132528969493,1.68200376283972e-14,0
"null",0.284115410279432,1.68200376283972e-14,0
"null",1.43128110309126,1.68200376283972e-14,0
"null",0.406663894155656,1.68200376283972e-14,0
"non-null",2.25116014459072,1.68200376283972e-14,1
"null",1.6736192390221,1.68200376283972e-14,0
"null",0.698659109006718,1.68200376283972e-14,0
"null",1.54310006757704,1.68200376283972e-14,0
"null",0.071366230382594,1.68200376283972e-14,0
"null",0.372455951783318,1.68200376283972e-14,0
"null",0.7114321930505,1.68200376283972e-14,0
"null",1.01889300061561,1.68200376283972e-14,0
"null",0.921032775915429,2.20907681818217,0
"null",0.295296278995854,1.68200376283972e-14,0
"null",1.51272747087863,1.68200376283972e-14,0
"null",0.0210063721724527,1.68200376283972e-14,0
"non-null",2.11265334026086,1.68200376283972e-14,1
"null",0.203962412361562,0.766127228333115,0
"null",0.766319705430272,1.68200376283972e-14,0
"null",1.01783180313275,1.68200376283972e-14,0
"null",0.18101365442196,1.68200376283972e-14,0
"null",0.865772318484615,1.68200376283972e-14,0
"null",0.210340674629869,1.68200376283972e-14,0
"null",0.779258677267572,0.635395404941815,0
"null",0.821333665887894,0.964381557133277,0
"null",1.43329126982936,0.657730512961663,0
"null",0.160320286778107,0.779400583778553,0
"null",0.702494645538846,1.68200376283972e-14,0
"null",0.0104538697683755,1.68200376283972e-14,0
"null",1.19346328478978,1.68200376283972e-14,0
"null",1.09100159318871,0.635395404941815,0
"null",0.372213144150899,0.549215816606995,0
"null",0.266840263246339,0.721828033672599,0
"null",0.767745339221117,1.68200376283972e-14,0
"null",0.786348071199737,1.12328191167043,0
"null",1.20197609787254,0.635395404941815,0
"null",0.362152454423699,0.961319266345232,0
"null",0.436832769901937,1.68200376283972e-14,0
"null",1.1704376182034,0.712808500629457,0
"null",0.541800683897787,1.68200376283972e-14,0
"non-null",2.14235802719175,1.08828410257341,1
"null",1.7369103815498,0.779355411978519,0
"null",0.884814368512454,1.68200376283972e-14,0
"null",0.210758431388198,0.905989963323716,0
"null",1.14411936446564,0.988535453708886,0
"null",1.21664940595866,1.11948391597666,0
"null",0.133796254910747,0.882237450909589,0
"null",1.25197182862214,0.766828635146867,0
"null",1.20643210797808,1.68200376283972e-14,0
"null",1.18613957450728,0.243553486601913,0
"null",0.246908860155876,1.5158528190329,0
"non-null",2.32216590381827,1.68200376283972e-14,1
"null",1.70347655895125,0.905989963323716,0
"null",0.911093577711171,1.68200376283972e-14,0
"null",0.422926383812785,0.876308119020648,0
"null",0.956040388481385,0.838074489526218,0
"null",0.770579340770383,1.68200376283972e-14,0
"null",1.52000215591291,1.7329032124416,0
"null",1.52346820416328,0.927556186339354,0
"null",0.114049584019541,0.378725505031746,0
"non-null",2.9508906664853,0.787250911741531,1
"null",2.03931043006962,0.0600863918971459,0
"null",0.01935727106926,0.65665449506516,0
"null",0.13223547394921,0.700150640424885,0
"null",1.87670186193893,0.753769852347827,0
"null",0.546045243704031,1.06756712968646,0
"null",1.01407256277968,1.68200376283972e-14,0
"null",0.861787731059076,2.14036959007533,0
"null",1.74636532036537,0.170000854959967,0
"null",1.8229218818393,1.68200376283972e-14,0
"null",0.403839009617794,0.124347931567102,0
"null",0.225722753103678,1.52022037590449,0
"null",1.40167265744128,0.443491330239071,0
"non-null",2.18619842911427,1.68200376283972e-14,1
"non-null",2.29972887111529,1.68200376283972e-14,1
"null",0.173796237255339,1.68200376283972e-14,0
"null",0.871101024692357,0.466123039471313,0
"null",0.28461741066717,1.68200376283972e-14,0
"null",0.930918478976443,0.549215816606995,0
"null",0.414414247827411,0.807786164088762,0
"null",0.345867641447761,0.864513604898437,0
"null",0.17317331567889,1.34921278717782,0
"null",0.0181735042273941,1.06101632688693,0
"null",0.686451361486859,0.220781423408353,0
"null",0.712357689166622,0.635395404941815,0
"null",0.188393461866206,2.83939714885409,0
"null",1.08836510347848,0.752760791762015,0
"null",0.610550815881254,1.68200376283972e-14,0
"null",1.0786416359189,1.68200376283972e-14,0
"null",1.55624769733788,1.68200376283972e-14,0
"non-null",2.40733140223374,0.89682126946592,1
"null",1.233256512781,0.671047307021827,0
"null",0.776802099344001,1.46910618834651,0
"null",0.257979997146489,1.68200376283972e-14,0
"null",1.8999819346804,1.68200376283972e-14,0
"null",0.116154352010941,1.68200376283972e-14,0
"null",0.769067896485419,1.67840651382868,0
"null",0.165736029841462,1.72311999693906,0
"null",0.0907234151557606,0.626952496234291,0
"null",1.91788808394323,1.26170464115036,0
"null",0.474983698628876,0.714901461360687,0
"null",1.15160664323967,0.088218105452639,0
"null",0.31447982084095,1.68200376283972e-14,0
"null",0.810528399821681,0.386889312448591,0
"null",0.333128165418739,1.91888135608703,0
"null",0.441420066320226,0.549215816606995,0
"non-null",2.27468819946177,1.46977409902432,1
"null",1.00694923302102,1.07901634169537,0
"null",1.3268624335475,1.68200376283972e-14,0
"null",0.0792012843184026,1.68200376283972e-14,0
"null",1.60359184620149,1.68200376283972e-14,0
"non-null",2.62525154152268,1.68200376283972e-14,1
"null",0.775091096975223,1.68200376283972e-14,0
"null",0.399167751848852,1.68200376283972e-14,0
"non-null",2.37785097785237,1.68200376283972e-14,1
"null",1.91919166606718,1.68200376283972e-14,0
"null",1.19557490615436,0.605554083746296,0
"null",1.94794958411866,0.728797981372956,0
"null",0.208220094917879,1.68200376283972e-14,0
"null",0.730227778425722,1.68200376283972e-14,0
"null",1.25233505994938,0.549215816606995,0
"null",1.15736620725487,0.671047307021827,0
"null",0.0493360398933547,1.68200376283972e-14,0
"null",0.291009059036323,1.68200376283972e-14,0
"null",0.386170772946303,1.68200376283972e-14,0
"null",0.618124114161237,0.469342495083527,0
"null",0.726709682625183,1.68200376283972e-14,0
"null",1.8902898869328,0.485311752048621,0
"null",0.0155752794993222,1.68200376283972e-14,0
"null",0.0408543984693623,1.68200376283972e-14,0
"null",0.898085031655888,1.68200376283972e-14,0
"null",1.23981452060913,0.728593741807413,0
"null",0.904854052549722,0.0661129377386349,0
"null",1.38888696116374,0.549215816606995,0
"null",0.712471056648089,0.0207542455783974,0
"null",0.95287808380085,0.00905744329440561,0
"null",1.10731531392973,1.0381743544354,0
"null",0.321836757375718,1.68200376283972e-14,0
"null",0.266110012842688,1.68200376283972e-14,0
"null",0.370249797598959,0.84283982907068,0
"null",0.589611569805214,1.68200376283972e-14,0
"null",1.57716716757441,0.076426333320316,0
"null",0.109511713105007,0.142823425638934,0
"null",0.272582482480023,0.52276312449959,0
"null",0.331953409590678,1.68200376283972e-14,0
"null",0.867552474544138,0.622442731268625,0
"null",1.40040514497902,0.477582272475573,0
"null",1.25370691564176,0.528820234780017,0
"null",1.74295821084659,0.1524121127645,0
"null",0.742752494219906,0.200167628454593,0
"null",0.501930865385232,1.17376090508794,0
"null",0.878024987188832,1.08160591308101,0
"null",0.721554503922279,0.578543086349641,0
"null",0.481591355586958,0.366050471974459,0
"null",0.629307367106537,0.444132163773594,0
"null",0.087167198071688,0.262218686209924,0
"null",0.140734393853706,1.68200376283972e-14,0
"null",0.614958701019154,0.19105021852941,0
"null",1.24795292459212,1.68200376283972e-14,0
"null",1.90379098129338,0.0260396078301762,0
"null",1.1533126863905,0.321046554143038,0
"null",0.256842018930699,1.62120155865755,0
"null",0.0202869154623527,1.16328972302658,0
"null",0.545756743738111,1.68200376283972e-14,0
"null",0.545591302814146,1.17246258741327,0
"null",1.09936897730028,0.659639016717109,0
"null",1.84966612710709,1.69159339962227,0
"non-null",2.58990388553842,0.664777372830672,1
"null",1.19059291623631,0.197319771226205,0
"null",0.962455064866719,1.00379631426033,0
"null",0.53276888940776,0.25298582234359,0
"null",0.192492543785173,0.0539869261727531,0
"null",1.80920001956552,0.402269926726102,0
"null",0.622927524265688,0.109559362913923,0
"null",1.83150524137412,0.855485212895713,0
"null",0.532338581908617,3.04845674873198,0
"null",0.29318503997505,1.68200376283972e-14,0
"null",1.08566129531716,1.68200376283972e-14,0
"null",1.41472412724067,0.671047307021827,0
"null",1.82975095553948,1.68200376283972e-14,0
"null",0.0781195111596674,0.995941243598792,0
"null",0.051877978949236,1.61444063898156,0
"null",0.735820511380636,0.218490253102168,0
"null",0.0627031659799983,0.549215816606995,0
"null",1.93944665076782,0.64304786206763,0
"null",1.57838214260228,0.735219769388087,0
"null",0.0340228719333459,0.716260953343811,0
"null",0.33606909431902,0.627265621927385,0
"null",0.469856512264021,0.764161242866994,0
"null",0.204245750112322,1.68200376283972e-14,0
"null",0.588254212476408,0.838074489526218,0
"null",0.859640720130136,0.840329822404982,0
"null",0.25486479623925,1.44441888707368,0
"null",0.919528172179708,3.27109258047412,0
"null",0.818942665753853,0.3207604455844,0
"null",0.360774292788192,2.77133431964473,0
"null",0.202098046319421,1.68200376283972e-14,0
"null",0.512785342325289,0.960484954512281,0
"null",0.0541916883120128,0.236602033760661,0
"null",1.31476845354267,1.68200376283972e-14,0
"null",0.0562515951273432,0.610132167690792,0
"null",0.451636180995773,0.0314861257134747,0
"null",1.15251526887998,0.262789205377778,0
"null",0.471407766670995,1.29969331603373,0
"null",0.0339720418826287,1.31023635870675,0
"null",0.40026033626583,1.49035061161618,0
"null",0.0572581508481534,1.02733577258616,0
"null",0.184066278043985,0.427086318638401,0
"null",0.551913990998562,3.0338426391061,0
"non-null",3.85476792692985,1.68200376283972e-14,1
"null",0.575073548156827,1.68200376283972e-14,0
"null",0.477953771686107,1.68200376283972e-14,0
"null",0.405883205544684,1.68200376283972e-14,0
"null",2.0114192238811,1.68200376283972e-14,0
"null",0.909982438637299,1.68200376283972e-14,0
"null",0.0170627284491964,1.65630966717921,0
"null",1.66483742726461,1.68200376283972e-14,0
"null",0.127277043808543,1.68200376283972e-14,0
"null",0.407562234977898,1.68200376283972e-14,0
"null",0.119943160696126,1.58162306497577,0
"null",0.539633780606599,1.68200376283972e-14,0
"null",1.19337206246141,1.68200376283972e-14,0
"null",1.32345504089463,0.190643669462261,0
"non-null",2.7243416316736,0.585766766199762,1
"null",1.28183613705028,1.68200376283972e-14,0
"null",1.11558420670253,0.545619914543393,0
"null",0.940481164082417,1.68200376283972e-14,0
"null",0.772485428073885,0.671047307021827,0
"null",0.776567744804107,1.64685274312953,0
"null",1.65163723733639,0.390146603483577,0
"null",1.23252129560204,1.46117218437347,0
"null",0.819037367039675,0.233308640574148,0
"non-null",2.80674854824635,0.289098872733535,1
"null",0.254904215596167,0.28810772258806,0
"null",1.57922921114626,1.2930843823501,0
"null",0.915726535680065,0.764607145906351,0
"non-null",2.23957001781523,1.68200376283972e-14,1
"null",0.443986612824071,0.173757882279776,0
"null",0.359353500554032,0.897514712609263,0
"null",0.295752655584534,1.68200376283972e-14,0
"null",0.984093496675865,1.39111573841031,0
"null",1.5160970060339,1.68200376283972e-14,0
"null",1.37574482413933,1.68200376283972e-14,0
"null",0.813241904320185,1.68200376283972e-14,0
"null",1.24393092484968,0.940852803291123,0
"null",0.679209949039368,1.68200376283972e-14,0
"non-null",3.73343920095602,1.68200376283972e-14,1
"null",1.52776856244243,1.68200376283972e-14,0
"null",1.70455770042501,1.68200376283972e-14,0
"null",0.576301873845428,1.68200376283972e-14,0
"non-null",2.14924315979045,1.68200376283972e-14,1
"null",1.97830388398599,0.671047307021827,0
"non-null",2.233465913718,1.68200376283972e-14,1
"null",1.52475043420526,1.68200376283972e-14,0
"null",1.07122631762365,0.433441530678503,0
"null",1.16194178328801,1.68200376283972e-14,0
"null",0.360238001279324,0.775685809824386,0
"null",1.45294647143196,1.68200376283972e-14,0
"non-null",2.88952703317533,1.49029031739225,1
"non-null",3.59784475280934,1.68200376283972e-14,1
"null",0.331634175112214,2.86276362977291,0
"non-null",2.22505315962431,1.68200376283972e-14,1
"null",0.211449312790098,1.68200376283972e-14,0
"null",1.61123324489419,1.20915514846061,0
"non-null",3.29774557023085,1.3468387456736,1
"null",1.34869900851445,0.0951479506257347,0
"null",0.0222595899513383,1.68200376283972e-14,0
"null",1.462121831647,1.38174677291901,0
"null",1.12208263856815,1.68200376283972e-14,0
"null",0.865605940636427,1.68200376283972e-14,0
"null",0.977135433565096,1.68200376283972e-14,0
"null",1.23271848803968,0.729021975300611,0
"null",1.68043065798409,0.170000854959967,0
"null",0.239076549620366,0.680420048040171,0
"null",0.441873470139197,1.03665168604015,0
"null",0.494778819929153,0.231688528798801,0
"null",0.392818287425318,0.2803090049881,0
"null",0.0999064242492123,1.41125691735219,0
"null",0.592660133336017,0.671047307021827,0
"null",0.673300405890846,2.04348261223539,0
"null",0.397081832794743,0.48683380960359,0
"null",1.47486131223138,0.368342093128084,0
"null",1.81487212093477,0.447416454492273,0
"null",0.541458143038221,1.68200376283972e-14,0
"non-null",2.11070610603317,1.68200376283972e-14,1
"null",0.520180782732629,0.581587084343651,0
"null",0.882728506788117,0.779355411978519,0
"null",0.0911617781878016,1.20215713029314,0
"null",0.731186785012516,1.68200376283972e-14,0
"null",1.02564077505978,1.68200376283972e-14,0
"null",0.239879388995301,1.68200376283972e-14,0
"null",1.71354182921657,2.24590276338743,0
"null",1.72231929536523,1.68200376283972e-14,0
"null",1.00391531338874,0.924273486382265,0
"null",0.67615727326564,0.764607145906351,0
"null",0.14775441401558,0.114550789385372,0
"null",1.81650882983711,0.508947895962166,0
"null",1.06219671772201,1.68200376283972e-14,0
"non-null",2.19262941028811,1.00448873903425,1
"null",0.0702307005769625,0.579791104013294,0
"null",1.87555651353501,0.462478600976807,0
"null",1.73194754743169,0.0054249147712614,0
"null",1.20934191609545,0.125040615354469,0
"null",0.625076407144558,0.963568219633489,0
"null",1.44012973688537,0.660694209065678,0
"null",0.556685363384678,0.955195603528048,0
"null",0.453670583163389,1.57478530915924,0
"null",0.993775328830453,2.19372167993273,0
"null",0.039309775013692,0.919226028807266,0
"null",1.36299277033317,0.192414965458955,0
"null",0.43009138325675,0.0834830720523814,0
"null",0.956059783172139,0.199196318494374,0
"null",1.23692845435883,1.68200376283972e-14,0
"null",1.27822332545542,1.68200376283972e-14,0
"null",0.585974072655581,1.68200376283972e-14,0
"null",1.02258416356226,1.68200376283972e-14,0
"null",0.778250728086245,1.68200376283972e-14,0
"null",0.468670817260808,1.68200376283972e-14,0
"null",1.07673204826338,1.68200376283972e-14,0
"null",1.23124303734152,1.68200376283972e-14,0
"null",1.70595101461178,1.6606147573376,0
"null",0.0455493879913858,1.68200376283972e-14,0
"null",0.625204777409167,0.940530548054619,0
"null",1.39953134133393,1.68200376283972e-14,0
"null",1.15649637745103,0.71966304189872,0
"null",0.386495411553878,2.07613401140027,0
"null",1.73232674810706,1.68200376283972e-14,0
"null",1.48833660656724,1.68200376283972e-14,0
"null",0.959426117502186,0.128015978650033,0
"null",0.254158803932228,0.779400583778553,0
"null",0.768584462893186,0.104715652036301,0
"null",0.0395138342909257,1.34155247918339,0
"null",0.377989437063633,0.743712560371446,0
"null",0.730441424754688,1.56945703782925,0
"null",0.0920943676833199,0.535338381587734,0
"null",0.123350214800295,0.451672793874726,0
"null",0.814656041804562,0.147931682455027,0
"null",0.447845391845822,1.29602230068419,0
"null",0.547138648642154,0.777024112641003,0
"null",1.66927708339426,0.651380747402042,0
"null",0.176316733066401,0.779400583778553,0
"null",0.145432116544269,1.68200376283972e-14,0
"non-null",2.39680220183606,0.0821597427919983,1
"null",0.395021790852245,1.68200376283972e-14,0
"null",0.347271308135416,0.156753319931596,0
"null",0.0809550761989515,0.48683380960359,0
"null",1.08299279072679,0.528820234780017,0
"null",0.328660857453833,1.68200376283972e-14,0
"null",0.556422744604045,0.770980009428493,0
"null",1.14994215623193,1.68200376283972e-14,0
"null",1.47213429053628,0.243326257792505,0
"null",1.20753585241838,0.897514712609263,0
"null",0.242538150604121,1.60065135466551,0
"null",0.799098348059617,1.23849457599326,0
"null",0.607269033260042,1.68200376283972e-14,0
"null",0.570646997929921,1.5712417525385,0
"null",0.322299311456092,0.0215464648666505,0
"null",0.731288195714473,0.549215816606995,0
"null",1.24547585985746,1.24716457321191,0
"null",1.44711974469738,0.293427656764296,0
"null",2.06041662703613,1.24184499794208,0
"null",0.479916725770917,0.188976712198995,0
"null",1.23720098008216,0.11151766855511,0
"null",0.104461668429766,1.68200376283972e-14,0
"null",1.01844496831615,0.0499831598293982,0
"null",0.718218054664426,1.32037441676935,0
"null",0.21956651831506,0.547108551437044,0
"null",0.136199534800843,1.68200376283972e-14,0
"null",1.62426564028258,0.430166055506369,0
"null",0.391685486052321,0.824444530461199,0
"null",1.14855875991373,1.00441237718235,0
"null",0.567372617318606,1.20566219286872,0
"null",0.215831378912009,0.295913663975896,0
"non-null",2.69563737237079,0.528820234780017,1
"null",0.327517776525975,0.371314205511497,0
"null",1.16086582978485,0.498210961449428,0
"null",0.28658194763911,0.991132324091923,0
"null",0.848872528121326,0.171894602686724,0
"null",1.80090660184035,0.352960897938544,0
"non-null",2.22061422347116,0.27258847091208,1
"null",1.01520679638354,0.584812906184226,0
"null",0.253404845419056,0.140892077151441,0
"null",1.05775503732527,1.37990635603755,0
"null",1.56736069017981,0.661031552368399,0
"null",0.928215977228836,0.657756804361124,0
"null",1.76519848629944,0.206636638823291,0
"null",0.539198153075912,0.0456904809612361,0
"null",0.567133312698228,0.533469650085632,0
"null",0.417894991864907,0.550492665883716,0
"null",0.117630368909302,1.10060638346798,0
"null",0.453061083202138,1.02432535120148,0
"null",0.684564344291609,0.0668414450358492,0
"null",1.2826091071826,1.46887105592846,0
"null",0.562576869186095,1.68200376283972e-14,0
"null",1.37740911320962,2.12780696237232,0
"null",0.184681884150566,1.04656396239687,0
"null",0.172114488294464,0.175147497053152,0
"null",0.130038096406387,2.08097186432968,0
"null",0.764756105362665,1.71702490625382,0
"null",1.0270776305562,1.68200376283972e-14,0
"null",1.27872878788189,2.01006204111291,0
"null",0.112947838991559,0.977913953154457,0
"null",0.730979502316259,1.68200376283972e-14,0
"null",1.29575068719304,0.594775769607864,0
"null",0.80927122694761,1.40192265436454,0
"null",0.864297553078698,0.952697411314743,0
"non-null",2.8582046796254,0.936804801683279,1
"non-null",2.08716305993281,3.45891705930177,1
"null",1.636523011037,1.48260378843757,0
"null",1.29280282745568,1.16659345936765,0
"null",1.40709342539295,0.141869124514264,0
"null",1.6335998453028,1.46560950054695,0
"null",1.95273081953787,0.834519226197304,0
"null",0.726471230436147,0.922289472356264,0
"null",1.44276524405957,0.963616050941564,0
"null",1.40266404135345,1.01116650565413,0
"null",1.47442303122155,1.25709210406541,0
"null",0.658658107608518,0.347560500759841,0
"null",0.882214941384097,0.793302830910427,0
"non-null",2.09655505725807,1.68200376283972e-14,1
"null",0.456221473132852,0.958054392224471,0
"null",1.07305238536369,0.549215816606995,0
"null",1.6674683604515,0.705892070082475,0
"non-null",2.84786012843623,0.691025129415854,1
"null",0.468841749406518,2.93123561364318,0
"null",2.00056936243898,0.258517495614548,0
"null",0.547750562887048,1.34631927556542,0
"null",0.490359613107024,0.216197610997825,0
"null",1.91498316970183,1.73239290159366,0
"non-null",3.20409684880921,0.376833872822769,1
"null",1.02116687955244,0.23247648913885,0
"null",0.363271422012877,0.559873034800899,0
"null",0.471105683893972,0.360540621517452,0
"null",0.32353297886665,0.199916236851319,0
"null",0.528913640301755,0.233609729573438,0
"null",0.721908781524074,1.48029766158689,0
"null",1.07365694074818,2.42587596997386,0
"null",0.482336736979812,1.13708826152005,0
"null",0.528352142780274,0.0838150680916225,0
"null",0.196617291061908,1.67169392250056,0
"null",0.289062328076514,0.348610768206581,0
"null",0.340382770093858,0.975644573807002,0
"null",1.2776141337407,0.635395404941815,0
"null",1.26003470163597,1.68200376283972e-14,0
"null",0.0031251155152148,1.5523617802172,0
"null",1.00164606929751,0.663164871207604,0
"null",0.232673601961586,0.7080645662069,0
"null",0.0859264876263836,0.24681108289064,0
"non-null",2.95393976523964,1.68200376283972e-14,1
"null",1.38505853043116,0.699908821109897,0
"null",1.35333116338552,0.600093640680434,0
"null",0.533317158991116,1.01961234666099,0
"null",1.35012754102844,2.38250739747351,0
"non-null",2.45437848912636,1.68200376283972e-14,1
"null",0.176448669589553,0.567365264232486,0
"null",0.829947842360566,0.195125455501331,0
"null",0.896657152507379,0.195830928440018,0
"null",0.499828876344132,0.39006280572352,0
"null",0.0073125654096281,0.88811049822592,0
"null",1.09960511678552,1.40991770072735,0
"null",1.09672678490676,0.844697484059623,0
"null",0.200804178368429,0.558436041262684,0
"null",0.17529095251419,0.983595699608909,0
"null",0.470281882255406,0.409689948439107,0
"null",0.22247080159113,0.394868132312771,0
"null",0.4842756174081,1.49721593265932,0
"null",0.428656294818038,0.29790861041708,0
"null",0.499969556431453,0.742053761236269,0
"null",2.03681968322412,0.33972101636207,0
"null",0.201369859717654,0.781858850892194,0
"null",0.0870721942562939,1.44415536054893,0
"null",0.625643499154184,0.905989963323716,0
"null",0.921280128854175,0.195462634314228,0
"null",0.902072628710641,0.834934758170068,0
"null",0.786207108462492,0.174287929766562,0
"null",1.60428793144851,0.684376138268032,0
"null",1.00645990427678,0.305528728725337,0
"null",0.152659570416851,2.32771492843221,0
"null",0.252153409392312,2.04466804098426,0
"null",0.535607280984609,0.162978704628493,0
"null",1.30188151526489,0.935362697567363,0
"null",1.08121198415994,0.146490804730404,0
"null",0.339737270558656,0.0298334024749609,0
"null",0.783144618627424,1.38524466714889,0
"null",0.249135260686922,0.404340895465465,0
"null",0.2381566167141,0.429975141348308,0
"null",0.225307659063806,0.67877730004197,0
"null",0.12046103887972,0.858811043887183,0
"null",0.52227886828721,1.68200376283972e-14,0
"null",0.652130815866357,1.25062022063747,0
"null",0.23570728948113,0.560791696374955,0
"null",0.520232835941353,1.14730163688083,0
"null",0.475138479477343,1.48221381463108,0
"null",1.05957330582489,1.68200376283972e-14,0
"null",0.621796289547399,0.731250702041455,0
"null",0.429754055404114,1.95295012804802,0
"null",0.555074427722077,0.699908821109897,0
"null",0.599749586979246,0.626733958772138,0
"null",0.0468643686551104,0.81997751223058,0
"null",0.178201660982383,0.441115125362457,0
"null",0.535861481627661,0.89599683961736,0
"null",0.751858089815496,1.68200376283972e-14,0
"null",1.0951123918736,0.383532617189499,0
"null",1.26638614673472,1.30152785834285,0
"null",1.1482525459118,0.922289472356264,0
"null",1.50465678700151,0.046654385895364,0
"null",0.289739727850313,0.708180832524436,0
"null",0.526940129991124,1.68200376283972e-14,0
"null",0.430870828676993,0.991513642616695,0
"null",0.324180210656714,1.68200376283972e-14,0
"null",0.88229667372056,0.861248365240055,0
"null",1.69986038384992,1.68200376283972e-14,0
"null",0.13716899423907,1.91289259340294,0
"null",0.745306909330935,0.449677896264211,0
"null",0.224807475758562,0.323704727681702,0
"null",0.578288671443984,0.126522479024966,0
"null",0.027173731673208,1.44177888055515,0
"null",0.96471469088265,1.15255762350039,0
"null",0.883022888609577,3.54344913261072,0
"null",0.105345968653854,0.89791617502667,0
"null",1.53203981460505,1.12518329255663,0
"null",0.716134794896482,1.31443464606199,0
"null",1.29332230948991,0.223101241424803,0
"null",1.01945901872643,2.3116384594174,0
"null",1.47514960839931,0.540741287288565,0
"null",1.36989133495446,0.991132324091923,0
"null",1.43100843245697,1.6936010686368,0
"null",0.74180970837727,1.13637733218829,0
"null",0.0960617103576327,0.764607145906351,0
"null",0.548781774819617,1.31528880323016,0
"null",1.29133057144627,1.38805040207651,0
"null",0.853053498970613,2.12755456267779,0
"null",0.996640997613631,1.23628704466522,0
"null",1.05127588837378,1.57528246722684,0
"null",0.538158809935996,1.68200376283972e-14,0
"null",0.352711731551178,1.28508648206242,0
"null",1.37582120211393,0.566011109781182,0
"null",0.0466868980593076,1.68200376283972e-14,0
"null",0.894217800839881,0.515452944080365,0
"null",1.12867404475766,0.97535513563304,0
"null",0.705482863124091,0.0744625020836237,0
"null",0.210807933554622,1.21635589320424,0
"null",0.241468282838578,1.25879941227449,0
"null",0.203229793090756,1.3614379629081,0
"null",0.940709810826125,0.26134950546711,0
"null",0.0344899960249198,0.331191326537904,0
"null",0.415121476051836,0.992850719517757,0
"null",1.30560524382018,0.626705270762821,0
"null",1.38974378583873,1.68200376283972e-14,0
"null",0.126727220156551,1.68200376283972e-14,0
"null",0.763119373165696,1.68200376283972e-14,0
"null",0.591517802794665,0.08975953522047,0
"null",1.23735283074386,1.39208514692628,0
"null",0.11867147978203,1.33490305740188,0
"null",0.73317554303527,1.31913335214532,0
"non-null",2.82445232795084,0.316532772493991,1
"null",1.31876312215501,1.68200376283972e-14,0
"null",0.860813964564183,1.68200376283972e-14,0
"null",0.725039862473246,1.68200376283972e-14,0
"null",1.73260020669592,0.168814160595781,0
"null",0.528297841728295,0.252106463378822,0
"null",1.79483723963729,0.764607145906351,0
"non-null",2.09523661038882,1.68200376283972e-14,1
"null",1.49117447873336,0.724608999992506,0
"null",0.140700512584203,0.826350677758335,0
"null",0.0596654538972548,1.38897345683508,0
"null",1.46882537069462,1.68200376283972e-14,0
"null",0.54921562831995,0.125447849769596,0
"null",0.353239279539839,0.97382577040273,0
"null",0.0644189331263735,1.68200376283972e-14,0
"null",1.05673458086119,0.237406537075319,0
"null",0.825281455829363,0.665931774704576,0
"null",0.0503351071099196,1.77785386138203,0
"null",0.783454585659039,1.5332405348974,0
"null",0.0471473589793984,0.614815849607805,0
"null",1.2609416781744,2.28023582147724,0
"null",0.376868696810483,0.0475453189265216,0
"null",0.409169130494444,3.5874724113322,0
"null",0.567345397381885,1.01299587319909,0
"null",1.07902101178236,0.170658554198074,0
"null",1.48396250673524,1.77607401209214,0
"null",0.82397377098552,0.0945854406145743,0
"null",0.0438426864407367,1.68200376283972e-14,0
"null",0.608967052533666,0.03933045859571,0
"null",0.237363885368814,0.0215024392562364,0
"null",0.151330740612407,1.77998275773798,0
"null",1.03220837800587,1.68200376283972e-14,0
"null",1.09005764010669,0.0756987121042352,0
"non-null",2.95939733751836,1.0586332031951,1
"null",0.392424347734636,1.30082430495991,0
"null",2.05753282101363,1.42245075392953,0
"null",1.6583016405577,1.68200376283972e-14,0
"null",1.47031478904316,0.0597355323896279,0
"null",1.09725189045377,0.0107085328889807,0
"null",1.95170262867386,0.24799626639795,0
"null",0.844722752455154,0.288975918521506,0
"non-null",2.34986362256722,0.438536912706736,1
"null",1.59797226761175,1.68200376283972e-14,0
"null",0.47914672401297,1.68200376283972e-14,0
"null",0.807293829614295,0.348734958471024,0
"null",0.850279453246397,1.33719226966021,0
"null",0.201361016240019,2.13696854802336,0
"null",0.219820804843586,0.538591273687134,0
"null",0.473469874195698,0.627200972325255,0
"null",0.594492639341546,0.635395404941815,0
"null",0.758426842092968,0.583301531044249,0
"null",0.783588182204612,0.197435427746735,0
"null",1.73897360545839,0.779400583778553,0
"null",1.12981390923583,0.441570181053095,0
"null",1.43133192186869,1.59862772601956,0
"null",0.586402339766077,0.420796567095533,0
"null",1.86995577303511,0.189989120745178,0
"null",0.351235874554595,0.641155263624637,0
"null",0.224753224321766,1.43395710981789,0
"null",0.484678101552946,1.07823621251792,0
"null",0.772079544377016,1.40200304459647,0
"null",1.19974044123419,0.232305202185436,0
"null",0.155260737258529,0.327837671633685,0
"null",0.497119413926918,1.01812226234983,0
"null",0.231738971805532,0.779400583778553,0
"null",1.08289659504211,0.598077822838452,0
"null",0.634229006287123,0.227025395139219,0
"non-null",3.46860453195166,1.68200376283972e-14,1
"null",1.4606872098788,0.625321800729315,0
"null",0.732444322070734,0.819060552480193,0
"null",0.496922652279979,0.981320679345994,0
"null",0.632250173788577,1.87767172058242,0
"null",0.426308419716491,0.819978133641132,0
"null",0.645872390255762,1.43331652561187,0
"null",1.23790742051091,1.68200376283972e-14,0
"null",0.893428836477983,2.6606313045039,0
"null",0.993889965778285,0.859319926355438,0
"null",0.875733272716419,1.68200376283972e-14,0
"null",1.10121742224024,1.68200376283972e-14,0
"null",0.753237952077791,0.699908821109897,0
"null",0.804587834326189,1.55430780589208,0
"null",0.71205926876867,0.905989963323716,0
"null",0.707730200208827,1.27082000100636,0
"null",0.521404122716181,0.625323897424999,0
"null",0.579364533593532,1.65263262474023,0
"null",0.885399617320711,0.537189746307489,0
"null",0.468967481606507,1.68200376283972e-14,0
"null",1.0441968466352,0.596211143368829,0
"null",0.466226631298872,0.0336051681134837,0
"null",1.02688055172,1.68200376283972e-14,0
"null",1.53217775893267,0.239131451512274,0
"null",1.20244556992239,0.252145596897143,0
"null",0.15937532345505,1.10855754537438,0
"null",1.00046476441831,2.0088428482856,0
"null",0.480116101926982,0.964381557133277,0
"non-null",2.09366692582599,0.700752524661217,1
"null",1.53432116774357,0.634574447855376,0
"null",0.12990793335255,1.53606770180054,0
"null",0.159527201672638,1.56505548259315,0
"null",0.0245308775115629,0.738217616905134,0
"null",1.13127063355751,1.97709639026524,0
"null",0.21143337947517,0.690068385697133,0
"null",0.186552246029258,1.79228185150453,0
"null",0.889978330644747,0.132073650844958,0
"null",1.16207419715325,0.985148057895571,0
"null",0.994819838847268,1.55946907846896,0
"null",0.537549804034867,0.494315313598607,0
"null",1.93945222470037,0.60350216120794,0
"null",0.907139391388556,0.311600168306037,0
"non-null",2.72228001522379,0.167393397052839,1
"null",0.382032708990334,0.764607145906351,0
"non-null",3.49130832668097,1.68200376283972e-14,1
"null",0.8444415674299,1.35392289765419,0
"null",0.273336473649485,1.13202340636235,0
"null",0.51956507963624,1.68200376283972e-14,0
"null",0.645162360457093,1.13650478097881,0
"null",0.445910862105111,0.438743984719131,0
"null",0.811972303436039,1.16405220976309,0
"non-null",2.73398188714775,0.206136194799645,1
"null",1.51050364619487,0.421129319481273,0
"null",0.842640176522139,1.02867400774425,0
"null",0.402116956809549,1.21338524838687,0
"null",0.0412699051838531,1.86168093877121,0
"null",0.288296984892006,1.34550255281568,0
"null",0.316061855016984,0.756143687124628,0
"null",0.466072413915802,0.586440700462099,0
"null",0.348963954325449,0.250174178207778,0
"null",0.523847150673874,0.432536623467205,0
"non-null",2.70176598324065,1.67509781297601,1
"null",0.982481093853708,0.413532124526378,0
"non-null",2.57354314464781,1.41349995993154,1
"null",0.596427185129281,0.881814989231958,0
"null",1.75874167419886,0.842426476398301,0
"null",1.8888581071528,0.62762977734223,0
"null",0.943943884566569,1.37222697612113,0
"null",1.00964840013366,0.816935256166299,0
"non-null",2.13239595576061,2.39687297454669,1
"null",1.99002228513839,1.78225460293588,0
"null",0.661037730056326,2.38848484102576,0
"null",0.202736920943238,0.561612809774978,0
"null",0.274120993814697,1.30500668699668,0
"null",1.39886075030796,0.699908821109897,0
"null",1.07547340436782,1.03645579461452,0
"null",0.519040130581604,1.2245223770298,0
"null",0.467463075063571,1.02774354081609,0
"non-null",2.73728463451181,0.121425340516585,1
"non-null",2.30372755067079,0.335954518254286,1
"null",1.08674517349218,1.07487488204854,0
"null",0.780738434559844,1.31092538587805,0
"null",1.51730960177589,0.0298866560863713,0
"null",0.0206106626110667,0.422140989627848,0
"null",0.0257813124249565,1.87569194992925,0
"null",1.6135563572425,1.60215546074127,0
"non-null",3.14684383655152,0.792471261940526,1
"null",1.57148383881497,0.440580697622838,0
"null",1.14052694352052,2.28803603313406,0
"null",0.657024509216646,0.342963832284397,0
"null",0.191476930305946,0.375587724692895,0
"null",0.0727087461395068,1.43820464433778,0
"null",0.477737787224628,1.23549098249916,0
"null",0.532204076967707,0.00771646862710276,0
"null",0.596693646791029,2.17658366489705,0
"null",1.70218989676218,1.85821883638644,0
"non-null",2.10201696826364,0.259515742912601,1
"null",0.610527837235383,1.07757645732287,0
"null",0.578113907826424,1.39550906700867,0
"null",1.14312224836136,1.45211614140015,0
"null",0.0876515173062166,0.702803735551203,0
"null",0.321692299335242,2.45805298164741,0
"null",0.751299616723139,0.0217077051691201,0
"null",0.053002113828591,0.107972139105645,0
"null",0.963315933910319,0.51055807823172,0
"null",0.936390190719206,0.232254122973189,0
"null",0.102264131866192,1.68200376283972e-14,0
"null",0.364213861870732,0.318881749597875,0
"null",0.66028527289887,0.522416326833045,0
"null",0.818033353070266,0.144445518521528,0
"null",0.357227095641676,0.0261779104272841,0
"null",0.309151787230585,0.85255050066699,0
"null",0.380714025498798,1.68200376283972e-14,0
"null",0.567328250743527,1.35068576254031,0
"non-null",2.13673918594592,0.411119772844014,1
